NAME_ENGL,name,val,x,y
Afghanistan,Goal,29.0735294117647,1,3
Afghanistan,Goal,29.0735294117647,2,3
Afghanistan,Goal,25.823529411764703,3,3
Afghanistan,Goal,29.0735294117647,4,3
Afghanistan,Goal,25.823529411764703,5,3
Afghanistan,Goal,28.8235294117647,6,3
Afghanistan,Goal,30.323529411764703,7,3
Afghanistan,Goal,28.8235294117647,8,3
Afghanistan,Goal,30.323529411764703,9,3
Afghanistan,Goal,29.0735294117647,10,3
Afghanistan,Goal,32.49019607843137,11,3
Afghanistan,Goal,32.49019607843137,12,3
Afghanistan,Goal,28.8235294117647,13,3
Afghanistan,Goal,28.8235294117647,14,3
Afghanistan,Goal,32.49019607843137,15,3
Albania,Goal,25.573529411764703,1,3
Albania,Goal,25.573529411764703,2,3
Albania,Goal,34.49019607843137,3,3
Albania,Goal,35.8235294117647,4,3
Albania,Goal,34.49019607843137,5,3
Albania,Goal,35.8235294117647,6,3
Albania,Goal,35.8235294117647,7,3
Albania,Goal,34.49019607843137,8,3
Albania,Goal,35.8235294117647,9,3
Albania,Goal,25.490196078431367,10,3
Albania,Goal,25.490196078431367,11,3
Albania,Goal,25.573529411764703,12,3
Albania,Goal,25.490196078431367,13,3
Albania,Goal,24.8235294117647,14,3
Albania,Goal,25.573529411764703,15,3
American Samoa,Goal,31.623529411764704,1,3
American Samoa,Goal,32.8235294117647,2,3
American Samoa,Goal,23.8235294117647,3,3
American Samoa,Goal,31.623529411764704,4,3
American Samoa,Goal,23.8235294117647,5,3
American Samoa,Goal,31.623529411764704,6,3
American Samoa,Goal,30.8235294117647,7,3
American Samoa,Goal,30.8235294117647,8,3
American Samoa,Goal,23.8235294117647,9,3
American Samoa,Goal,31.623529411764704,10,3
American Samoa,Goal,31.623529411764704,11,3
American Samoa,Goal,30.8235294117647,12,3
American Samoa,Goal,32.8235294117647,13,3
American Samoa,Goal,22.8235294117647,14,3
American Samoa,Goal,32.8235294117647,15,3
Andorra,Goal,20.8235294117647,1,3
Andorra,Goal,35.15686274509804,2,3
Andorra,Goal,20.8235294117647,3,3
Andorra,Goal,35.15686274509804,4,3
Andorra,Goal,24.8235294117647,5,3
Andorra,Goal,20.8235294117647,6,3
Andorra,Goal,35.15686274509804,7,3
Andorra,Goal,38.15686274509804,8,3
Andorra,Goal,35.8235294117647,9,3
Andorra,Goal,35.8235294117647,10,3
Andorra,Goal,24.8235294117647,11,3
Andorra,Goal,38.15686274509804,12,3
Andorra,Goal,38.15686274509804,13,3
Andorra,Goal,24.8235294117647,14,3
Andorra,Goal,35.8235294117647,15,3
Angola,Goal,28.156862745098035,1,3
Angola,Goal,32.8235294117647,2,3
Angola,Goal,28.156862745098035,3,3
Angola,Goal,42.3235294117647,4,3
Angola,Goal,32.8235294117647,5,3
Angola,Goal,42.3235294117647,6,3
Angola,Goal,21.3235294117647,7,3
Angola,Goal,42.3235294117647,8,3
Angola,Goal,42.3235294117647,9,3
Angola,Goal,28.0735294117647,10,3
Angola,Goal,28.156862745098035,11,3
Angola,Goal,28.0735294117647,12,3
Angola,Goal,28.0735294117647,13,3
Angola,Goal,21.3235294117647,14,3
Angola,Goal,28.0735294117647,15,3
Anguilla,Goal,25.8235294117647,1,3
Anguilla,Goal,29.490196078431367,2,3
Anguilla,Goal,25.8235294117647,3,3
Anguilla,Goal,28.823529411764696,4,3
Anguilla,Goal,25.8235294117647,5,3
Anguilla,Goal,25.8235294117647,6,3
Anguilla,Goal,27.8235294117647,7,3
Anguilla,Goal,24.8235294117647,8,3
Anguilla,Goal,24.8235294117647,9,3
Anguilla,Goal,29.490196078431367,10,3
Anguilla,Goal,27.8235294117647,11,3
Anguilla,Goal,24.8235294117647,12,3
Anguilla,Goal,27.8235294117647,13,3
Anguilla,Goal,29.490196078431367,14,3
Anguilla,Goal,25.8235294117647,15,3
Antigua and Barbuda,Goal,27.0735294117647,1,3
Antigua and Barbuda,Goal,31.823529411764703,2,3
Antigua and Barbuda,Goal,31.823529411764703,3,3
Antigua and Barbuda,Goal,24.823529411764703,4,3
Antigua and Barbuda,Goal,24.823529411764703,5,3
Antigua and Barbuda,Goal,33.823529411764696,6,3
Antigua and Barbuda,Goal,28.6235294117647,7,3
Antigua and Barbuda,Goal,28.6235294117647,8,3
Antigua and Barbuda,Goal,28.6235294117647,9,3
Antigua and Barbuda,Goal,28.6235294117647,10,3
Antigua and Barbuda,Goal,33.823529411764696,11,3
Antigua and Barbuda,Goal,27.0735294117647,12,3
Antigua and Barbuda,Goal,27.0735294117647,13,3
Antigua and Barbuda,Goal,28.6235294117647,14,3
Antigua and Barbuda,Goal,27.0735294117647,15,3
Argentina,Goal,36.990196078431374,1,3
Argentina,Goal,24.156862745098035,2,3
Argentina,Goal,24.156862745098035,3,3
Argentina,Goal,35.82352941176471,4,3
Argentina,Goal,36.990196078431374,5,3
Argentina,Goal,36.990196078431374,6,3
Argentina,Goal,36.3235294117647,7,3
Argentina,Goal,19.156862745098035,8,3
Argentina,Goal,19.156862745098035,9,3
Argentina,Goal,19.156862745098035,10,3
Argentina,Goal,36.990196078431374,11,3
Argentina,Goal,36.3235294117647,12,3
Argentina,Goal,36.990196078431374,13,3
Argentina,Goal,24.156862745098035,14,3
Argentina,Goal,36.990196078431374,15,3
Armenia,Goal,29.8235294117647,1,3
Armenia,Goal,36.49019607843137,2,3
Armenia,Goal,22.3235294117647,3,3
Armenia,Goal,22.3235294117647,4,3
Armenia,Goal,28.823529411764696,5,3
Armenia,Goal,29.8235294117647,6,3
Armenia,Goal,29.8235294117647,7,3
Armenia,Goal,36.49019607843137,8,3
Armenia,Goal,23.3235294117647,9,3
Armenia,Goal,22.3235294117647,10,3
Armenia,Goal,23.3235294117647,11,3
Armenia,Goal,23.3235294117647,12,3
Armenia,Goal,22.3235294117647,13,3
Armenia,Goal,36.49019607843137,14,3
Armenia,Goal,23.3235294117647,15,3
Aruba,Goal,29.156862745098035,1,3
Aruba,Goal,27.023529411764702,2,3
Aruba,Goal,29.156862745098035,3,3
Aruba,Goal,24.8235294117647,4,3
Aruba,Goal,27.023529411764702,5,3
Aruba,Goal,27.023529411764702,6,3
Aruba,Goal,30.3235294117647,7,3
Aruba,Goal,41.8235294117647,8,3
Aruba,Goal,27.023529411764702,9,3
Aruba,Goal,29.156862745098035,10,3
Aruba,Goal,24.8235294117647,11,3
Aruba,Goal,30.3235294117647,12,3
Aruba,Goal,24.8235294117647,13,3
Aruba,Goal,27.023529411764702,14,3
Aruba,Goal,24.8235294117647,15,3
Australia,Goal,25.6235294117647,1,3
Australia,Goal,30.823529411764703,2,3
Australia,Goal,30.490196078431367,3,3
Australia,Goal,30.823529411764703,4,3
Australia,Goal,24.323529411764703,5,3
Australia,Goal,24.323529411764703,6,3
Australia,Goal,25.6235294117647,7,3
Australia,Goal,16.8235294117647,8,3
Australia,Goal,30.490196078431367,9,3
Australia,Goal,25.6235294117647,10,3
Australia,Goal,24.323529411764703,11,3
Australia,Goal,25.6235294117647,12,3
Australia,Goal,30.490196078431367,13,3
Australia,Goal,24.323529411764703,14,3
Australia,Goal,25.6235294117647,15,3
Austria,Goal,33.5735294117647,1,3
Austria,Goal,55.8235294117647,2,3
Austria,Goal,20.6235294117647,3,3
Austria,Goal,33.5735294117647,4,3
Austria,Goal,20.6235294117647,5,3
Austria,Goal,20.6235294117647,6,3
Austria,Goal,20.6235294117647,7,3
Austria,Goal,14.8235294117647,8,3
Austria,Goal,20.6235294117647,9,3
Austria,Goal,17.8235294117647,10,3
Austria,Goal,17.8235294117647,11,3
Austria,Goal,33.5735294117647,12,3
Austria,Goal,17.8235294117647,13,3
Austria,Goal,17.8235294117647,14,3
Austria,Goal,33.5735294117647,15,3
Azerbaijan,Goal,26.8235294117647,1,3
Azerbaijan,Goal,25.3235294117647,2,3
Azerbaijan,Goal,29.8235294117647,3,3
Azerbaijan,Goal,29.8235294117647,4,3
Azerbaijan,Goal,26.8235294117647,5,3
Azerbaijan,Goal,26.8235294117647,6,3
Azerbaijan,Goal,28.8235294117647,7,3
Azerbaijan,Goal,31.323529411764703,8,3
Azerbaijan,Goal,29.8235294117647,9,3
Azerbaijan,Goal,26.8235294117647,10,3
Azerbaijan,Goal,28.8235294117647,11,3
Azerbaijan,Goal,26.8235294117647,12,3
Azerbaijan,Goal,29.8235294117647,13,3
Azerbaijan,Goal,25.3235294117647,14,3
Azerbaijan,Goal,31.323529411764703,15,3
Bahamas,Goal,17.323529411764696,1,3
Bahamas,Goal,31.656862745098035,2,3
Bahamas,Goal,29.423529411764704,3,3
Bahamas,Goal,17.323529411764696,4,3
Bahamas,Goal,31.656862745098035,5,3
Bahamas,Goal,29.423529411764704,6,3
Bahamas,Goal,22.8235294117647,7,3
Bahamas,Goal,31.656862745098035,8,3
Bahamas,Goal,31.656862745098035,9,3
Bahamas,Goal,29.423529411764704,10,3
Bahamas,Goal,29.423529411764704,11,3
Bahamas,Goal,31.656862745098035,12,3
Bahamas,Goal,31.656862745098035,13,3
Bahamas,Goal,30.8235294117647,14,3
Bahamas,Goal,29.423529411764704,15,3
Bahrain,Goal,27.15686274509803,1,3
Bahrain,Goal,37.0735294117647,2,3
Bahrain,Goal,37.0735294117647,3,3
Bahrain,Goal,37.0735294117647,4,3
Bahrain,Goal,26.990196078431367,5,3
Bahrain,Goal,27.15686274509803,6,3
Bahrain,Goal,26.990196078431367,7,3
Bahrain,Goal,26.990196078431367,8,3
Bahrain,Goal,26.990196078431367,9,3
Bahrain,Goal,27.15686274509803,10,3
Bahrain,Goal,30.823529411764703,11,3
Bahrain,Goal,26.990196078431367,12,3
Bahrain,Goal,26.990196078431367,13,3
Bahrain,Goal,37.0735294117647,14,3
Bahrain,Goal,30.823529411764703,15,3
Bangladesh,Goal,20.8235294117647,1,3
Bangladesh,Goal,35.8235294117647,2,3
Bangladesh,Goal,26.490196078431364,3,3
Bangladesh,Goal,35.8235294117647,4,3
Bangladesh,Goal,35.8235294117647,5,3
Bangladesh,Goal,26.490196078431364,6,3
Bangladesh,Goal,20.8235294117647,7,3
Bangladesh,Goal,40.3235294117647,8,3
Bangladesh,Goal,35.8235294117647,9,3
Bangladesh,Goal,35.8235294117647,10,3
Bangladesh,Goal,35.8235294117647,11,3
Bangladesh,Goal,40.3235294117647,12,3
Bangladesh,Goal,35.8235294117647,13,3
Bangladesh,Goal,20.8235294117647,14,3
Bangladesh,Goal,26.490196078431364,15,3
Barbados,Goal,32.4235294117647,1,3
Barbados,Goal,32.4235294117647,2,3
Barbados,Goal,20.490196078431367,3,3
Barbados,Goal,43.823529411764696,4,3
Barbados,Goal,32.4235294117647,5,3
Barbados,Goal,33.023529411764706,6,3
Barbados,Goal,32.4235294117647,7,3
Barbados,Goal,20.490196078431367,8,3
Barbados,Goal,33.023529411764706,9,3
Barbados,Goal,20.490196078431367,10,3
Barbados,Goal,33.023529411764706,11,3
Barbados,Goal,33.023529411764706,12,3
Barbados,Goal,33.023529411764706,13,3
Barbados,Goal,32.4235294117647,14,3
Barbados,Goal,35.8235294117647,15,3
Belarus,Goal,23.423529411764697,1,3
Belarus,Goal,23.423529411764697,2,3
Belarus,Goal,23.423529411764697,3,3
Belarus,Goal,29.6235294117647,4,3
Belarus,Goal,23.423529411764697,5,3
Belarus,Goal,29.6235294117647,6,3
Belarus,Goal,29.6235294117647,7,3
Belarus,Goal,29.823529411764703,8,3
Belarus,Goal,23.423529411764697,9,3
Belarus,Goal,29.6235294117647,10,3
Belarus,Goal,17.3235294117647,11,3
Belarus,Goal,33.8235294117647,12,3
Belarus,Goal,29.6235294117647,13,3
Belarus,Goal,29.823529411764703,14,3
Belarus,Goal,17.3235294117647,15,3
Belgium,Goal,29.0235294117647,1,3
Belgium,Goal,29.156862745098035,2,3
Belgium,Goal,29.0235294117647,3,3
Belgium,Goal,33.2235294117647,4,3
Belgium,Goal,29.156862745098035,5,3
Belgium,Goal,29.0235294117647,6,3
Belgium,Goal,29.156862745098035,7,3
Belgium,Goal,33.2235294117647,8,3
Belgium,Goal,33.2235294117647,9,3
Belgium,Goal,29.0235294117647,10,3
Belgium,Goal,33.2235294117647,11,3
Belgium,Goal,25.3235294117647,12,3
Belgium,Goal,25.3235294117647,13,3
Belgium,Goal,29.0235294117647,14,3
Belgium,Goal,33.2235294117647,15,3
Belize,Goal,31.6235294117647,1,3
Belize,Goal,34.3235294117647,2,3
Belize,Goal,31.6235294117647,3,3
Belize,Goal,31.6235294117647,4,3
Belize,Goal,38.32352941176471,5,3
Belize,Goal,30.823529411764703,6,3
Belize,Goal,31.6235294117647,7,3
Belize,Goal,31.6235294117647,8,3
Belize,Goal,38.32352941176471,9,3
Belize,Goal,25.8235294117647,10,3
Belize,Goal,25.8235294117647,11,3
Belize,Goal,25.8235294117647,12,3
Belize,Goal,34.3235294117647,13,3
Belize,Goal,30.823529411764703,14,3
Belize,Goal,25.8235294117647,15,3
Benin,Goal,31.4235294117647,1,3
Benin,Goal,20.15686274509803,2,3
Benin,Goal,31.4235294117647,3,3
Benin,Goal,39.15686274509804,4,3
Benin,Goal,39.15686274509804,5,3
Benin,Goal,39.15686274509804,6,3
Benin,Goal,31.4235294117647,7,3
Benin,Goal,35.15686274509804,8,3
Benin,Goal,20.15686274509803,9,3
Benin,Goal,35.15686274509804,10,3
Benin,Goal,31.4235294117647,11,3
Benin,Goal,47.8235294117647,12,3
Benin,Goal,35.15686274509804,13,3
Benin,Goal,20.15686274509803,14,3
Benin,Goal,31.4235294117647,15,3
Bermuda,Goal,28.5735294117647,1,3
Bermuda,Goal,28.5735294117647,2,3
Bermuda,Goal,26.4235294117647,3,3
Bermuda,Goal,34.82352941176471,4,3
Bermuda,Goal,29.823529411764703,5,3
Bermuda,Goal,29.823529411764703,6,3
Bermuda,Goal,24.8235294117647,7,3
Bermuda,Goal,29.823529411764703,8,3
Bermuda,Goal,24.8235294117647,9,3
Bermuda,Goal,26.4235294117647,10,3
Bermuda,Goal,26.4235294117647,11,3
Bermuda,Goal,26.4235294117647,12,3
Bermuda,Goal,26.4235294117647,13,3
Bermuda,Goal,28.5735294117647,14,3
Bermuda,Goal,28.5735294117647,15,3
Bhutan,Goal,41.8235294117647,1,3
Bhutan,Goal,27.023529411764702,2,3
Bhutan,Goal,27.023529411764702,3,3
Bhutan,Goal,29.6235294117647,4,3
Bhutan,Goal,19.8235294117647,5,3
Bhutan,Goal,27.023529411764702,6,3
Bhutan,Goal,19.8235294117647,7,3
Bhutan,Goal,29.6235294117647,8,3
Bhutan,Goal,29.6235294117647,9,3
Bhutan,Goal,27.023529411764702,10,3
Bhutan,Goal,19.8235294117647,11,3
Bhutan,Goal,29.6235294117647,12,3
Bhutan,Goal,19.8235294117647,13,3
Bhutan,Goal,29.6235294117647,14,3
Bhutan,Goal,27.023529411764702,15,3
Bolivia,Goal,28.323529411764703,1,3
Bolivia,Goal,32.6235294117647,2,3
Bolivia,Goal,28.323529411764703,3,3
Bolivia,Goal,32.6235294117647,4,3
Bolivia,Goal,24.323529411764703,5,3
Bolivia,Goal,24.323529411764703,6,3
Bolivia,Goal,32.6235294117647,7,3
Bolivia,Goal,24.323529411764703,8,3
Bolivia,Goal,21.8235294117647,9,3
Bolivia,Goal,24.323529411764703,10,3
Bolivia,Goal,32.6235294117647,11,3
Bolivia,Goal,21.8235294117647,12,3
Bolivia,Goal,21.3235294117647,13,3
Bolivia,Goal,32.6235294117647,14,3
Bolivia,Goal,21.3235294117647,15,3
"Bonaire, Sint Eustatius and Saba",Goal,35.3235294117647,1,3
"Bonaire, Sint Eustatius and Saba",Goal,35.3235294117647,2,3
"Bonaire, Sint Eustatius and Saba",Goal,27.156862745098035,3,3
"Bonaire, Sint Eustatius and Saba",Goal,27.156862745098035,4,3
"Bonaire, Sint Eustatius and Saba",Goal,32.15686274509803,5,3
"Bonaire, Sint Eustatius and Saba",Goal,29.656862745098035,6,3
"Bonaire, Sint Eustatius and Saba",Goal,29.656862745098035,7,3
"Bonaire, Sint Eustatius and Saba",Goal,29.656862745098035,8,3
"Bonaire, Sint Eustatius and Saba",Goal,32.15686274509803,9,3
"Bonaire, Sint Eustatius and Saba",Goal,31.8235294117647,10,3
"Bonaire, Sint Eustatius and Saba",Goal,29.656862745098035,11,3
"Bonaire, Sint Eustatius and Saba",Goal,29.656862745098035,12,3
"Bonaire, Sint Eustatius and Saba",Goal,29.656862745098035,13,3
"Bonaire, Sint Eustatius and Saba",Goal,27.156862745098035,14,3
"Bonaire, Sint Eustatius and Saba",Goal,32.15686274509803,15,3
Bosnia and Herzegovina,Goal,37.323529411764696,1,3
Bosnia and Herzegovina,Goal,29.8235294117647,2,3
Bosnia and Herzegovina,Goal,29.8235294117647,3,3
Bosnia and Herzegovina,Goal,31.823529411764696,4,3
Bosnia and Herzegovina,Goal,25.0235294117647,5,3
Bosnia and Herzegovina,Goal,37.323529411764696,6,3
Bosnia and Herzegovina,Goal,25.0235294117647,7,3
Bosnia and Herzegovina,Goal,29.8235294117647,8,3
Bosnia and Herzegovina,Goal,25.0235294117647,9,3
Bosnia and Herzegovina,Goal,25.0235294117647,10,3
Bosnia and Herzegovina,Goal,7.8235294117647,11,3
Bosnia and Herzegovina,Goal,29.8235294117647,12,3
Bosnia and Herzegovina,Goal,25.0235294117647,13,3
Bosnia and Herzegovina,Goal,29.8235294117647,14,3
Bosnia and Herzegovina,Goal,29.8235294117647,15,3
Botswana,Goal,31.490196078431367,1,3
Botswana,Goal,31.490196078431367,2,3
Botswana,Goal,18.5735294117647,3,3
Botswana,Goal,20.8235294117647,4,3
Botswana,Goal,35.5735294117647,5,3
Botswana,Goal,35.5735294117647,6,3
Botswana,Goal,35.5735294117647,7,3
Botswana,Goal,18.5735294117647,8,3
Botswana,Goal,18.5735294117647,9,3
Botswana,Goal,40.8235294117647,10,3
Botswana,Goal,31.490196078431367,11,3
Botswana,Goal,20.8235294117647,12,3
Botswana,Goal,35.5735294117647,13,3
Botswana,Goal,18.5735294117647,14,3
Botswana,Goal,20.8235294117647,15,3
Bouvet Island,Goal,28.156862745098035,1,3
Bouvet Island,Goal,27.573529411764703,2,3
Bouvet Island,Goal,27.573529411764703,3,3
Bouvet Island,Goal,26.823529411764696,4,3
Bouvet Island,Goal,27.573529411764703,5,3
Bouvet Island,Goal,27.573529411764703,6,3
Bouvet Island,Goal,28.156862745098035,7,3
Bouvet Island,Goal,6.8235294117647,8,3
Bouvet Island,Goal,27.573529411764703,9,3
Bouvet Island,Goal,26.823529411764696,10,3
Bouvet Island,Goal,27.573529411764703,11,3
Bouvet Island,Goal,28.156862745098035,12,3
Bouvet Island,Goal,28.8235294117647,13,3
Bouvet Island,Goal,27.573529411764703,14,3
Bouvet Island,Goal,27.573529411764703,15,3
Brazil,Goal,31.823529411764703,1,3
Brazil,Goal,32.15686274509804,2,3
Brazil,Goal,44.8235294117647,3,3
Brazil,Goal,18.823529411764703,4,3
Brazil,Goal,30.323529411764703,5,3
Brazil,Goal,30.323529411764703,6,3
Brazil,Goal,32.15686274509804,7,3
Brazil,Goal,31.823529411764703,8,3
Brazil,Goal,32.15686274509804,9,3
Brazil,Goal,44.8235294117647,10,3
Brazil,Goal,32.15686274509804,11,3
Brazil,Goal,32.15686274509804,12,3
Brazil,Goal,18.823529411764703,13,3
Brazil,Goal,32.15686274509804,14,3
Brazil,Goal,18.823529411764703,15,3
Brunei,Goal,32.37908496732025,1,3
Brunei,Goal,24.823529411764703,2,3
Brunei,Goal,24.823529411764703,3,3
Brunei,Goal,24.823529411764703,4,3
Brunei,Goal,32.37908496732025,5,3
Brunei,Goal,32.37908496732025,6,3
Brunei,Goal,32.37908496732025,7,3
Brunei,Goal,32.37908496732025,8,3
Brunei,Goal,32.37908496732025,9,3
Brunei,Goal,32.8235294117647,10,3
Brunei,Goal,32.37908496732025,11,3
Brunei,Goal,32.37908496732025,12,3
Brunei,Goal,32.37908496732025,13,3
Brunei,Goal,32.8235294117647,14,3
Brunei,Goal,23.8235294117647,15,3
Bulgaria,Goal,21.8235294117647,1,3
Bulgaria,Goal,35.0735294117647,2,3
Bulgaria,Goal,35.0735294117647,3,3
Bulgaria,Goal,30.15686274509804,4,3
Bulgaria,Goal,35.0735294117647,5,3
Bulgaria,Goal,23.323529411764703,6,3
Bulgaria,Goal,21.8235294117647,7,3
Bulgaria,Goal,34.3235294117647,8,3
Bulgaria,Goal,34.3235294117647,9,3
Bulgaria,Goal,30.15686274509804,10,3
Bulgaria,Goal,30.15686274509804,11,3
Bulgaria,Goal,35.0735294117647,12,3
Bulgaria,Goal,23.323529411764703,13,3
Bulgaria,Goal,23.323529411764703,14,3
Bulgaria,Goal,23.323529411764703,15,3
Burkina Faso,Goal,25.15686274509803,1,3
Burkina Faso,Goal,32.99019607843137,2,3
Burkina Faso,Goal,24.0735294117647,3,3
Burkina Faso,Goal,32.99019607843137,4,3
Burkina Faso,Goal,25.15686274509803,5,3
Burkina Faso,Goal,24.0735294117647,6,3
Burkina Faso,Goal,32.99019607843137,7,3
Burkina Faso,Goal,24.8235294117647,8,3
Burkina Faso,Goal,25.15686274509803,9,3
Burkina Faso,Goal,32.99019607843137,10,3
Burkina Faso,Goal,24.0735294117647,11,3
Burkina Faso,Goal,32.99019607843137,12,3
Burkina Faso,Goal,24.8235294117647,13,3
Burkina Faso,Goal,24.0735294117647,14,3
Burkina Faso,Goal,32.99019607843137,15,3
Burundi,Goal,21.8235294117647,1,3
Burundi,Goal,30.15686274509804,2,3
Burundi,Goal,19.223529411764698,3,3
Burundi,Goal,30.15686274509804,4,3
Burundi,Goal,19.223529411764698,5,3
Burundi,Goal,19.223529411764698,6,3
Burundi,Goal,21.8235294117647,7,3
Burundi,Goal,19.223529411764698,8,3
Burundi,Goal,33.8235294117647,9,3
Burundi,Goal,21.8235294117647,10,3
Burundi,Goal,21.8235294117647,11,3
Burundi,Goal,30.15686274509804,12,3
Burundi,Goal,21.8235294117647,13,3
Burundi,Goal,21.8235294117647,14,3
Burundi,Goal,19.223529411764698,15,3
Cameroon,Goal,33.8235294117647,1,3
Cameroon,Goal,29.156862745098035,2,3
Cameroon,Goal,29.156862745098035,3,3
Cameroon,Goal,34.0735294117647,4,3
Cameroon,Goal,34.0735294117647,5,3
Cameroon,Goal,29.8235294117647,6,3
Cameroon,Goal,29.156862745098035,7,3
Cameroon,Goal,33.8235294117647,8,3
Cameroon,Goal,29.8235294117647,9,3
Cameroon,Goal,33.8235294117647,10,3
Cameroon,Goal,34.0735294117647,11,3
Cameroon,Goal,33.8235294117647,12,3
Cameroon,Goal,33.8235294117647,13,3
Cameroon,Goal,34.0735294117647,14,3
Cameroon,Goal,29.8235294117647,15,3
Cape Verde,Goal,27.156862745098035,1,3
Cape Verde,Goal,26.823529411764703,2,3
Cape Verde,Goal,26.823529411764703,3,3
Cape Verde,Goal,26.823529411764703,4,3
Cape Verde,Goal,62.82352941176471,5,3
Cape Verde,Goal,27.156862745098035,6,3
Cape Verde,Goal,26.8235294117647,7,3
Cape Verde,Goal,27.156862745098035,8,3
Cape Verde,Goal,26.823529411764703,9,3
Cape Verde,Goal,27.156862745098035,10,3
Cape Verde,Goal,27.156862745098035,11,3
Cape Verde,Goal,27.156862745098035,12,3
Cape Verde,Goal,26.8235294117647,13,3
Cape Verde,Goal,26.8235294117647,14,3
Cape Verde,Goal,26.8235294117647,15,3
China,Goal,34.15686274509804,1,3
China,Goal,35.5735294117647,2,3
China,Goal,28.156862745098035,3,3
China,Goal,30.8235294117647,4,3
China,Goal,26.323529411764703,5,3
China,Goal,35.5735294117647,6,3
China,Goal,30.8235294117647,7,3
China,Goal,30.8235294117647,8,3
China,Goal,28.156862745098035,9,3
China,Goal,28.156862745098035,10,3
China,Goal,35.5735294117647,11,3
China,Goal,26.323529411764703,12,3
China,Goal,34.15686274509804,13,3
China,Goal,35.5735294117647,14,3
China,Goal,34.15686274509804,15,3
Christmas Island,Goal,30.3235294117647,1,3
Christmas Island,Goal,30.3235294117647,2,3
Christmas Island,Goal,32.8235294117647,3,3
Christmas Island,Goal,25.423529411764704,4,3
Christmas Island,Goal,25.423529411764704,5,3
Christmas Island,Goal,25.423529411764704,6,3
Christmas Island,Goal,32.8235294117647,7,3
Christmas Island,Goal,25.423529411764704,8,3
Christmas Island,Goal,34.3235294117647,9,3
Christmas Island,Goal,28.490196078431367,10,3
Christmas Island,Goal,25.423529411764704,11,3
Christmas Island,Goal,32.8235294117647,12,3
Christmas Island,Goal,34.3235294117647,13,3
Christmas Island,Goal,28.490196078431367,14,3
Christmas Island,Goal,28.490196078431367,15,3
Clipperton Island,Goal,40.65686274509804,1,3
Clipperton Island,Goal,39.423529411764704,2,3
Clipperton Island,Goal,40.65686274509804,3,3
Clipperton Island,Goal,13.323529411764698,4,3
Clipperton Island,Goal,39.423529411764704,5,3
Clipperton Island,Goal,46.323529411764696,6,3
Clipperton Island,Goal,39.423529411764704,7,3
Clipperton Island,Goal,46.323529411764696,8,3
Clipperton Island,Goal,39.423529411764704,9,3
Clipperton Island,Goal,13.323529411764698,10,3
Clipperton Island,Goal,39.423529411764704,11,3
Clipperton Island,Goal,40.65686274509804,12,3
Clipperton Island,Goal,40.65686274509804,13,3
Clipperton Island,Goal,40.65686274509804,14,3
Clipperton Island,Goal,40.65686274509804,15,3
Colombia,Goal,28.3235294117647,1,3
Colombia,Goal,32.49019607843137,2,3
Colombia,Goal,28.323529411764703,3,3
Colombia,Goal,32.49019607843137,4,3
Colombia,Goal,24.823529411764696,5,3
Colombia,Goal,28.3235294117647,6,3
Colombia,Goal,32.49019607843137,7,3
Colombia,Goal,28.323529411764703,8,3
Colombia,Goal,28.3235294117647,9,3
Colombia,Goal,28.3235294117647,10,3
Colombia,Goal,17.8235294117647,11,3
Colombia,Goal,17.8235294117647,12,3
Colombia,Goal,17.8235294117647,13,3
Colombia,Goal,28.3235294117647,14,3
Colombia,Goal,28.3235294117647,15,3
Costa Rica,Goal,32.3235294117647,1,3
Costa Rica,Goal,24.3235294117647,2,3
Costa Rica,Goal,24.3235294117647,3,3
Costa Rica,Goal,24.3235294117647,4,3
Costa Rica,Goal,25.323529411764703,5,3
Costa Rica,Goal,53.8235294117647,6,3
Costa Rica,Goal,24.3235294117647,7,3
Costa Rica,Goal,24.3235294117647,8,3
Costa Rica,Goal,25.323529411764703,9,3
Costa Rica,Goal,25.323529411764703,10,3
Costa Rica,Goal,24.823529411764703,11,3
Costa Rica,Goal,24.3235294117647,12,3
Costa Rica,Goal,24.823529411764703,13,3
Costa Rica,Goal,32.3235294117647,14,3
Costa Rica,Goal,25.323529411764703,15,3
Cuba,Goal,22.3235294117647,1,3
Cuba,Goal,28.5735294117647,2,3
Cuba,Goal,22.3235294117647,3,3
Cuba,Goal,28.5735294117647,4,3
Cuba,Goal,28.5735294117647,5,3
Cuba,Goal,28.5735294117647,6,3
Cuba,Goal,15.8235294117647,7,3
Cuba,Goal,32.3235294117647,8,3
Cuba,Goal,30.823529411764703,9,3
Cuba,Goal,15.8235294117647,10,3
Cuba,Goal,30.823529411764703,11,3
Cuba,Goal,22.3235294117647,12,3
Cuba,Goal,15.8235294117647,13,3
Cuba,Goal,22.3235294117647,14,3
Cuba,Goal,32.3235294117647,15,3
Curaçao,Goal,26.490196078431364,1,3
Curaçao,Goal,26.490196078431364,2,3
Curaçao,Goal,26.0735294117647,3,3
Curaçao,Goal,34.5735294117647,4,3
Curaçao,Goal,34.5735294117647,5,3
Curaçao,Goal,29.823529411764696,6,3
Curaçao,Goal,26.0735294117647,7,3
Curaçao,Goal,34.5735294117647,8,3
Curaçao,Goal,26.0735294117647,9,3
Curaçao,Goal,25.156862745098035,10,3
Curaçao,Goal,26.0735294117647,11,3
Curaçao,Goal,25.156862745098035,12,3
Curaçao,Goal,34.5735294117647,13,3
Curaçao,Goal,25.156862745098035,14,3
Curaçao,Goal,26.490196078431364,15,3
Cyprus,Goal,27.823529411764703,1,3
Cyprus,Goal,27.823529411764703,2,3
Cyprus,Goal,32.3235294117647,3,3
Cyprus,Goal,27.823529411764703,4,3
Cyprus,Goal,35.8235294117647,5,3
Cyprus,Goal,32.8235294117647,6,3
Cyprus,Goal,35.8235294117647,7,3
Cyprus,Goal,35.8235294117647,8,3
Cyprus,Goal,23.323529411764703,9,3
Cyprus,Goal,32.8235294117647,10,3
Cyprus,Goal,35.8235294117647,11,3
Cyprus,Goal,32.3235294117647,12,3
Cyprus,Goal,35.8235294117647,13,3
Cyprus,Goal,23.323529411764703,14,3
Cyprus,Goal,32.8235294117647,15,3
Czechia,Goal,24.023529411764702,1,3
Czechia,Goal,24.023529411764702,2,3
Czechia,Goal,19.15686274509804,3,3
Czechia,Goal,24.023529411764702,4,3
Czechia,Goal,24.023529411764702,5,3
Czechia,Goal,19.15686274509804,6,3
Czechia,Goal,19.15686274509804,7,3
Czechia,Goal,30.073529411764703,8,3
Czechia,Goal,30.073529411764703,9,3
Czechia,Goal,33.8235294117647,10,3
Czechia,Goal,30.073529411764703,11,3
Czechia,Goal,24.023529411764702,12,3
Czechia,Goal,30.073529411764703,13,3
Czechia,Goal,39.3235294117647,14,3
Czechia,Goal,39.3235294117647,15,3
Gambia,Goal,29.823529411764703,1,3
Gambia,Goal,39.8235294117647,2,3
Gambia,Goal,39.8235294117647,3,3
Gambia,Goal,30.8235294117647,4,3
Gambia,Goal,30.8235294117647,5,3
Gambia,Goal,29.823529411764703,6,3
Gambia,Goal,34.8235294117647,7,3
Gambia,Goal,29.823529411764703,8,3
Gambia,Goal,22.3235294117647,9,3
Gambia,Goal,39.8235294117647,10,3
Gambia,Goal,30.8235294117647,11,3
Gambia,Goal,22.3235294117647,12,3
Gambia,Goal,34.8235294117647,13,3
Gambia,Goal,34.8235294117647,14,3
Gambia,Goal,39.8235294117647,15,3
Greenland,Goal,32.8235294117647,1,3
Greenland,Goal,33.3235294117647,2,3
Greenland,Goal,31.15686274509803,3,3
Greenland,Goal,22.5735294117647,4,3
Greenland,Goal,32.8235294117647,5,3
Greenland,Goal,16.823529411764696,6,3
Greenland,Goal,32.8235294117647,7,3
Greenland,Goal,22.5735294117647,8,3
Greenland,Goal,22.5735294117647,9,3
Greenland,Goal,31.15686274509803,10,3
Greenland,Goal,33.3235294117647,11,3
Greenland,Goal,32.8235294117647,12,3
Greenland,Goal,32.8235294117647,13,3
Greenland,Goal,22.5735294117647,14,3
Greenland,Goal,31.15686274509803,15,3
Guinea,Goal,27.490196078431367,1,3
Guinea,Goal,26.3235294117647,2,3
Guinea,Goal,25.3235294117647,3,3
Guinea,Goal,27.490196078431367,4,3
Guinea,Goal,26.3235294117647,5,3
Guinea,Goal,39.8235294117647,6,3
Guinea,Goal,39.8235294117647,7,3
Guinea,Goal,26.3235294117647,8,3
Guinea,Goal,25.3235294117647,9,3
Guinea,Goal,21.3235294117647,10,3
Guinea,Goal,26.3235294117647,11,3
Guinea,Goal,39.8235294117647,12,3
Guinea,Goal,27.490196078431367,13,3
Guinea,Goal,39.8235294117647,14,3
Guinea,Goal,21.3235294117647,15,3
Saint Barthélemy,Goal,19.8235294117647,1,3
Saint Barthélemy,Goal,31.0735294117647,2,3
Saint Barthélemy,Goal,26.490196078431367,3,3
Saint Barthélemy,Goal,28.823529411764696,4,3
Saint Barthélemy,Goal,34.2235294117647,5,3
Saint Barthélemy,Goal,28.823529411764696,6,3
Saint Barthélemy,Goal,31.0735294117647,7,3
Saint Barthélemy,Goal,26.490196078431367,8,3
Saint Barthélemy,Goal,34.2235294117647,9,3
Saint Barthélemy,Goal,34.2235294117647,10,3
Saint Barthélemy,Goal,31.0735294117647,11,3
Saint Barthélemy,Goal,31.0735294117647,12,3
Saint Barthélemy,Goal,34.2235294117647,13,3
Saint Barthélemy,Goal,26.490196078431367,14,3
Saint Barthélemy,Goal,34.2235294117647,15,3
Sudan,Goal,35.49019607843137,1,3
Sudan,Goal,22.156862745098035,2,3
Sudan,Goal,32.15686274509804,3,3
Sudan,Goal,34.3235294117647,4,3
Sudan,Goal,34.3235294117647,5,3
Sudan,Goal,32.15686274509804,6,3
Sudan,Goal,35.49019607843137,7,3
Sudan,Goal,28.8235294117647,8,3
Sudan,Goal,32.15686274509804,9,3
Sudan,Goal,22.156862745098035,10,3
Sudan,Goal,32.15686274509804,11,3
Sudan,Goal,32.15686274509804,12,3
Sudan,Goal,22.156862745098035,13,3
Sudan,Goal,32.15686274509804,14,3
Sudan,Goal,35.49019607843137,15,3
United Arab Emirates,Goal,29.8235294117647,1,3
United Arab Emirates,Goal,27.823529411764703,2,3
United Arab Emirates,Goal,29.8235294117647,3,3
United Arab Emirates,Goal,21.823529411764696,4,3
United Arab Emirates,Goal,32.8235294117647,5,3
United Arab Emirates,Goal,32.8235294117647,6,3
United Arab Emirates,Goal,32.8235294117647,7,3
United Arab Emirates,Goal,29.8235294117647,8,3
United Arab Emirates,Goal,27.823529411764703,9,3
United Arab Emirates,Goal,32.8235294117647,10,3
United Arab Emirates,Goal,29.8235294117647,11,3
United Arab Emirates,Goal,5.8235294117647,12,3
United Arab Emirates,Goal,29.8235294117647,13,3
United Arab Emirates,Goal,29.8235294117647,14,3
United Arab Emirates,Goal,29.8235294117647,15,3
Afghanistan,Pillar,25.8235294117647,1,2
Afghanistan,Pillar,25.8235294117647,2,2
Afghanistan,Pillar,25.8235294117647,3,2
Afghanistan,Pillar,28.8235294117647,4,2
Afghanistan,Pillar,28.8235294117647,5,2
Afghanistan,Pillar,28.8235294117647,6,2
Afghanistan,Pillar,30.490196078431367,7,2
Afghanistan,Pillar,30.490196078431367,8,2
Afghanistan,Pillar,30.490196078431367,9,2
Afghanistan,Pillar,29.8235294117647,10,2
Afghanistan,Pillar,29.8235294117647,11,2
Afghanistan,Pillar,29.8235294117647,12,2
Afghanistan,Pillar,32.15686274509803,13,2
Afghanistan,Pillar,32.15686274509803,14,2
Afghanistan,Pillar,32.15686274509803,15,2
Albania,Pillar,29.156862745098035,1,2
Albania,Pillar,29.156862745098035,2,2
Albania,Pillar,29.156862745098035,3,2
Albania,Pillar,38.15686274509804,4,2
Albania,Pillar,38.15686274509804,5,2
Albania,Pillar,38.15686274509804,6,2
Albania,Pillar,32.15686274509803,7,2
Albania,Pillar,32.15686274509803,8,2
Albania,Pillar,32.15686274509803,9,2
Albania,Pillar,20.8235294117647,10,2
Albania,Pillar,20.8235294117647,11,2
Albania,Pillar,20.8235294117647,12,2
Albania,Pillar,29.8235294117647,13,2
Albania,Pillar,29.8235294117647,14,2
Albania,Pillar,29.8235294117647,15,2
American Samoa,Pillar,23.490196078431367,1,2
American Samoa,Pillar,23.490196078431367,2,2
American Samoa,Pillar,23.490196078431367,3,2
American Samoa,Pillar,28.156862745098035,4,2
American Samoa,Pillar,28.156862745098035,5,2
American Samoa,Pillar,28.156862745098035,6,2
American Samoa,Pillar,25.490196078431367,7,2
American Samoa,Pillar,25.490196078431367,8,2
American Samoa,Pillar,25.490196078431367,9,2
American Samoa,Pillar,40.15686274509804,10,2
American Samoa,Pillar,40.15686274509804,11,2
American Samoa,Pillar,40.15686274509804,12,2
American Samoa,Pillar,30.490196078431367,13,2
American Samoa,Pillar,30.490196078431367,14,2
American Samoa,Pillar,30.490196078431367,15,2
Andorra,Pillar,22.490196078431367,1,2
Andorra,Pillar,22.490196078431367,2,2
Andorra,Pillar,22.490196078431367,3,2
Andorra,Pillar,29.8235294117647,4,2
Andorra,Pillar,29.8235294117647,5,2
Andorra,Pillar,29.8235294117647,6,2
Andorra,Pillar,35.8235294117647,7,2
Andorra,Pillar,35.8235294117647,8,2
Andorra,Pillar,35.8235294117647,9,2
Andorra,Pillar,32.49019607843137,10,2
Andorra,Pillar,32.49019607843137,11,2
Andorra,Pillar,32.49019607843137,12,2
Andorra,Pillar,34.15686274509804,13,2
Andorra,Pillar,34.15686274509804,14,2
Andorra,Pillar,34.15686274509804,15,2
Angola,Pillar,26.490196078431364,1,2
Angola,Pillar,26.490196078431364,2,2
Angola,Pillar,26.490196078431364,3,2
Angola,Pillar,40.490196078431374,4,2
Angola,Pillar,40.490196078431374,5,2
Angola,Pillar,40.490196078431374,6,2
Angola,Pillar,35.49019607843137,7,2
Angola,Pillar,35.49019607843137,8,2
Angola,Pillar,35.49019607843137,9,2
Angola,Pillar,26.8235294117647,10,2
Angola,Pillar,26.8235294117647,11,2
Angola,Pillar,26.8235294117647,12,2
Angola,Pillar,28.8235294117647,13,2
Angola,Pillar,28.8235294117647,14,2
Angola,Pillar,28.8235294117647,15,2
Anguilla,Pillar,34.49019607843137,1,2
Anguilla,Pillar,34.49019607843137,2,2
Anguilla,Pillar,34.49019607843137,3,2
Anguilla,Pillar,21.823529411764696,4,2
Anguilla,Pillar,21.823529411764696,5,2
Anguilla,Pillar,21.823529411764696,6,2
Anguilla,Pillar,26.8235294117647,7,2
Anguilla,Pillar,26.8235294117647,8,2
Anguilla,Pillar,26.8235294117647,9,2
Anguilla,Pillar,27.490196078431367,10,2
Anguilla,Pillar,27.490196078431367,11,2
Anguilla,Pillar,27.490196078431367,12,2
Anguilla,Pillar,24.15686274509803,13,2
Anguilla,Pillar,24.15686274509803,14,2
Anguilla,Pillar,24.15686274509803,15,2
Antigua and Barbuda,Pillar,29.8235294117647,1,2
Antigua and Barbuda,Pillar,29.8235294117647,2,2
Antigua and Barbuda,Pillar,29.8235294117647,3,2
Antigua and Barbuda,Pillar,27.156862745098035,4,2
Antigua and Barbuda,Pillar,27.156862745098035,5,2
Antigua and Barbuda,Pillar,27.156862745098035,6,2
Antigua and Barbuda,Pillar,30.156862745098035,7,2
Antigua and Barbuda,Pillar,30.156862745098035,8,2
Antigua and Barbuda,Pillar,30.156862745098035,9,2
Antigua and Barbuda,Pillar,29.8235294117647,10,2
Antigua and Barbuda,Pillar,29.8235294117647,11,2
Antigua and Barbuda,Pillar,29.8235294117647,12,2
Antigua and Barbuda,Pillar,27.15686274509803,13,2
Antigua and Barbuda,Pillar,27.15686274509803,14,2
Antigua and Barbuda,Pillar,27.15686274509803,15,2
Argentina,Pillar,25.490196078431367,1,2
Argentina,Pillar,25.490196078431367,2,2
Argentina,Pillar,25.490196078431367,3,2
Argentina,Pillar,35.82352941176471,4,2
Argentina,Pillar,35.82352941176471,5,2
Argentina,Pillar,35.82352941176471,6,2
Argentina,Pillar,17.8235294117647,7,2
Argentina,Pillar,17.8235294117647,8,2
Argentina,Pillar,17.8235294117647,9,2
Argentina,Pillar,35.49019607843137,10,2
Argentina,Pillar,35.49019607843137,11,2
Argentina,Pillar,35.49019607843137,12,2
Argentina,Pillar,38.8235294117647,13,2
Argentina,Pillar,38.8235294117647,14,2
Argentina,Pillar,38.8235294117647,15,2
Armenia,Pillar,24.15686274509803,1,2
Armenia,Pillar,24.15686274509803,2,2
Armenia,Pillar,24.15686274509803,3,2
Armenia,Pillar,27.823529411764696,4,2
Armenia,Pillar,27.823529411764696,5,2
Armenia,Pillar,27.823529411764696,6,2
Armenia,Pillar,34.8235294117647,7,2
Armenia,Pillar,34.8235294117647,8,2
Armenia,Pillar,34.8235294117647,9,2
Armenia,Pillar,25.490196078431367,10,2
Armenia,Pillar,25.490196078431367,11,2
Armenia,Pillar,25.490196078431367,12,2
Armenia,Pillar,24.490196078431367,13,2
Armenia,Pillar,24.490196078431367,14,2
Armenia,Pillar,24.490196078431367,15,2
Aruba,Pillar,18.15686274509803,1,2
Aruba,Pillar,18.15686274509803,2,2
Aruba,Pillar,18.15686274509803,3,2
Aruba,Pillar,22.8235294117647,4,2
Aruba,Pillar,22.8235294117647,5,2
Aruba,Pillar,22.8235294117647,6,2
Aruba,Pillar,38.8235294117647,7,2
Aruba,Pillar,38.8235294117647,8,2
Aruba,Pillar,38.8235294117647,9,2
Aruba,Pillar,27.156862745098035,10,2
Aruba,Pillar,27.156862745098035,11,2
Aruba,Pillar,27.156862745098035,12,2
Aruba,Pillar,34.49019607843137,13,2
Aruba,Pillar,34.49019607843137,14,2
Aruba,Pillar,34.49019607843137,15,2
Australia,Pillar,22.490196078431367,1,2
Australia,Pillar,22.490196078431367,2,2
Australia,Pillar,22.490196078431367,3,2
Australia,Pillar,26.49019607843137,4,2
Australia,Pillar,26.49019607843137,5,2
Australia,Pillar,26.49019607843137,6,2
Australia,Pillar,25.8235294117647,7,2
Australia,Pillar,25.8235294117647,8,2
Australia,Pillar,25.8235294117647,9,2
Australia,Pillar,30.490196078431367,10,2
Australia,Pillar,30.490196078431367,11,2
Australia,Pillar,30.490196078431367,12,2
Australia,Pillar,26.490196078431367,13,2
Australia,Pillar,26.490196078431367,14,2
Australia,Pillar,26.490196078431367,15,2
Austria,Pillar,31.8235294117647,1,2
Austria,Pillar,31.8235294117647,2,2
Austria,Pillar,31.8235294117647,3,2
Austria,Pillar,30.823529411764707,4,2
Austria,Pillar,30.823529411764707,5,2
Austria,Pillar,30.823529411764707,6,2
Austria,Pillar,15.823529411764701,7,2
Austria,Pillar,15.823529411764701,8,2
Austria,Pillar,15.823529411764701,9,2
Austria,Pillar,23.156862745098035,10,2
Austria,Pillar,23.156862745098035,11,2
Austria,Pillar,23.156862745098035,12,2
Austria,Pillar,24.8235294117647,13,2
Austria,Pillar,24.8235294117647,14,2
Austria,Pillar,24.8235294117647,15,2
Azerbaijan,Pillar,32.15686274509803,1,2
Azerbaijan,Pillar,32.15686274509803,2,2
Azerbaijan,Pillar,32.15686274509803,3,2
Azerbaijan,Pillar,27.823529411764696,4,2
Azerbaijan,Pillar,27.823529411764696,5,2
Azerbaijan,Pillar,27.823529411764696,6,2
Azerbaijan,Pillar,27.490196078431367,7,2
Azerbaijan,Pillar,27.490196078431367,8,2
Azerbaijan,Pillar,27.490196078431367,9,2
Azerbaijan,Pillar,22.490196078431367,10,2
Azerbaijan,Pillar,22.490196078431367,11,2
Azerbaijan,Pillar,22.490196078431367,12,2
Azerbaijan,Pillar,31.490196078431367,13,2
Azerbaijan,Pillar,31.490196078431367,14,2
Azerbaijan,Pillar,31.490196078431367,15,2
Bahamas,Pillar,21.8235294117647,1,2
Bahamas,Pillar,21.8235294117647,2,2
Bahamas,Pillar,21.8235294117647,3,2
Bahamas,Pillar,18.8235294117647,4,2
Bahamas,Pillar,18.8235294117647,5,2
Bahamas,Pillar,18.8235294117647,6,2
Bahamas,Pillar,36.49019607843137,7,2
Bahamas,Pillar,36.49019607843137,8,2
Bahamas,Pillar,36.49019607843137,9,2
Bahamas,Pillar,38.49019607843137,10,2
Bahamas,Pillar,38.49019607843137,11,2
Bahamas,Pillar,38.49019607843137,12,2
Bahamas,Pillar,26.156862745098035,13,2
Bahamas,Pillar,26.156862745098035,14,2
Bahamas,Pillar,26.156862745098035,15,2
Bahrain,Pillar,34.15686274509804,1,2
Bahrain,Pillar,34.15686274509804,2,2
Bahrain,Pillar,34.15686274509804,3,2
Bahrain,Pillar,34.823529411764696,4,2
Bahrain,Pillar,34.823529411764696,5,2
Bahrain,Pillar,34.823529411764696,6,2
Bahrain,Pillar,14.8235294117647,7,2
Bahrain,Pillar,14.8235294117647,8,2
Bahrain,Pillar,14.8235294117647,9,2
Bahrain,Pillar,34.8235294117647,10,2
Bahrain,Pillar,34.8235294117647,11,2
Bahrain,Pillar,34.8235294117647,12,2
Bahrain,Pillar,32.49019607843137,13,2
Bahrain,Pillar,32.49019607843137,14,2
Bahrain,Pillar,32.49019607843137,15,2
Bangladesh,Pillar,23.15686274509803,1,2
Bangladesh,Pillar,23.15686274509803,2,2
Bangladesh,Pillar,23.15686274509803,3,2
Bangladesh,Pillar,36.49019607843137,4,2
Bangladesh,Pillar,36.49019607843137,5,2
Bangladesh,Pillar,36.49019607843137,6,2
Bangladesh,Pillar,38.15686274509804,7,2
Bangladesh,Pillar,38.15686274509804,8,2
Bangladesh,Pillar,38.15686274509804,9,2
Bangladesh,Pillar,28.8235294117647,10,2
Bangladesh,Pillar,28.8235294117647,11,2
Bangladesh,Pillar,28.8235294117647,12,2
Bangladesh,Pillar,31.156862745098035,13,2
Bangladesh,Pillar,31.156862745098035,14,2
Bangladesh,Pillar,31.156862745098035,15,2
Barbados,Pillar,29.490196078431367,1,2
Barbados,Pillar,29.490196078431367,2,2
Barbados,Pillar,29.490196078431367,3,2
Barbados,Pillar,37.15686274509803,4,2
Barbados,Pillar,37.15686274509803,5,2
Barbados,Pillar,37.15686274509803,6,2
Barbados,Pillar,23.490196078431367,7,2
Barbados,Pillar,23.490196078431367,8,2
Barbados,Pillar,23.490196078431367,9,2
Barbados,Pillar,29.156862745098035,10,2
Barbados,Pillar,29.156862745098035,11,2
Barbados,Pillar,29.156862745098035,12,2
Barbados,Pillar,36.8235294117647,13,2
Barbados,Pillar,36.8235294117647,14,2
Barbados,Pillar,36.8235294117647,15,2
Belarus,Pillar,22.490196078431367,1,2
Belarus,Pillar,22.490196078431367,2,2
Belarus,Pillar,22.490196078431367,3,2
Belarus,Pillar,32.49019607843137,4,2
Belarus,Pillar,32.49019607843137,5,2
Belarus,Pillar,32.49019607843137,6,2
Belarus,Pillar,28.15686274509803,7,2
Belarus,Pillar,28.15686274509803,8,2
Belarus,Pillar,28.15686274509803,9,2
Belarus,Pillar,25.490196078431367,10,2
Belarus,Pillar,25.490196078431367,11,2
Belarus,Pillar,25.490196078431367,12,2
Belarus,Pillar,22.490196078431367,13,2
Belarus,Pillar,22.490196078431367,14,2
Belarus,Pillar,22.490196078431367,15,2
Belgium,Pillar,31.15686274509803,1,2
Belgium,Pillar,31.15686274509803,2,2
Belgium,Pillar,31.15686274509803,3,2
Belgium,Pillar,31.49019607843137,4,2
Belgium,Pillar,31.49019607843137,5,2
Belgium,Pillar,31.49019607843137,6,2
Belgium,Pillar,31.156862745098035,7,2
Belgium,Pillar,31.156862745098035,8,2
Belgium,Pillar,31.156862745098035,9,2
Belgium,Pillar,25.8235294117647,10,2
Belgium,Pillar,25.8235294117647,11,2
Belgium,Pillar,25.8235294117647,12,2
Belgium,Pillar,30.156862745098035,13,2
Belgium,Pillar,30.156862745098035,14,2
Belgium,Pillar,30.156862745098035,15,2
Belize,Pillar,35.15686274509804,1,2
Belize,Pillar,35.15686274509804,2,2
Belize,Pillar,35.15686274509804,3,2
Belize,Pillar,40.15686274509804,4,2
Belize,Pillar,40.15686274509804,5,2
Belize,Pillar,40.15686274509804,6,2
Belize,Pillar,30.490196078431367,7,2
Belize,Pillar,30.490196078431367,8,2
Belize,Pillar,30.490196078431367,9,2
Belize,Pillar,27.490196078431367,10,2
Belize,Pillar,27.490196078431367,11,2
Belize,Pillar,27.490196078431367,12,2
Belize,Pillar,22.8235294117647,13,2
Belize,Pillar,22.8235294117647,14,2
Belize,Pillar,22.8235294117647,15,2
Benin,Pillar,24.156862745098035,1,2
Benin,Pillar,24.156862745098035,2,2
Benin,Pillar,24.156862745098035,3,2
Benin,Pillar,39.15686274509804,4,2
Benin,Pillar,39.15686274509804,5,2
Benin,Pillar,39.15686274509804,6,2
Benin,Pillar,30.490196078431367,7,2
Benin,Pillar,30.490196078431367,8,2
Benin,Pillar,30.490196078431367,9,2
Benin,Pillar,40.8235294117647,10,2
Benin,Pillar,40.8235294117647,11,2
Benin,Pillar,40.8235294117647,12,2
Benin,Pillar,28.156862745098035,13,2
Benin,Pillar,28.156862745098035,14,2
Benin,Pillar,28.156862745098035,15,2
Bermuda,Pillar,22.8235294117647,1,2
Bermuda,Pillar,22.8235294117647,2,2
Bermuda,Pillar,22.8235294117647,3,2
Bermuda,Pillar,31.15686274509804,4,2
Bermuda,Pillar,31.15686274509804,5,2
Bermuda,Pillar,31.15686274509804,6,2
Bermuda,Pillar,26.8235294117647,7,2
Bermuda,Pillar,26.8235294117647,8,2
Bermuda,Pillar,26.8235294117647,9,2
Bermuda,Pillar,31.490196078431367,10,2
Bermuda,Pillar,31.490196078431367,11,2
Bermuda,Pillar,31.490196078431367,12,2
Bermuda,Pillar,27.8235294117647,13,2
Bermuda,Pillar,27.8235294117647,14,2
Bermuda,Pillar,27.8235294117647,15,2
Bhutan,Pillar,28.490196078431367,1,2
Bhutan,Pillar,28.490196078431367,2,2
Bhutan,Pillar,28.490196078431367,3,2
Bhutan,Pillar,28.8235294117647,4,2
Bhutan,Pillar,28.8235294117647,5,2
Bhutan,Pillar,28.8235294117647,6,2
Bhutan,Pillar,25.156862745098035,7,2
Bhutan,Pillar,25.156862745098035,8,2
Bhutan,Pillar,25.156862745098035,9,2
Bhutan,Pillar,25.8235294117647,10,2
Bhutan,Pillar,25.8235294117647,11,2
Bhutan,Pillar,25.8235294117647,12,2
Bhutan,Pillar,26.490196078431367,13,2
Bhutan,Pillar,26.490196078431367,14,2
Bhutan,Pillar,26.490196078431367,15,2
Bolivia,Pillar,36.15686274509804,1,2
Bolivia,Pillar,36.15686274509804,2,2
Bolivia,Pillar,36.15686274509804,3,2
Bolivia,Pillar,32.8235294117647,4,2
Bolivia,Pillar,32.8235294117647,5,2
Bolivia,Pillar,32.8235294117647,6,2
Bolivia,Pillar,16.15686274509803,7,2
Bolivia,Pillar,16.15686274509803,8,2
Bolivia,Pillar,16.15686274509803,9,2
Bolivia,Pillar,25.490196078431367,10,2
Bolivia,Pillar,25.490196078431367,11,2
Bolivia,Pillar,25.490196078431367,12,2
Bolivia,Pillar,23.8235294117647,13,2
Bolivia,Pillar,23.8235294117647,14,2
Bolivia,Pillar,23.8235294117647,15,2
"Bonaire, Sint Eustatius and Saba",Pillar,30.490196078431367,1,2
"Bonaire, Sint Eustatius and Saba",Pillar,30.490196078431367,2,2
"Bonaire, Sint Eustatius and Saba",Pillar,30.490196078431367,3,2
"Bonaire, Sint Eustatius and Saba",Pillar,27.156862745098035,4,2
"Bonaire, Sint Eustatius and Saba",Pillar,27.156862745098035,5,2
"Bonaire, Sint Eustatius and Saba",Pillar,27.156862745098035,6,2
"Bonaire, Sint Eustatius and Saba",Pillar,28.8235294117647,7,2
"Bonaire, Sint Eustatius and Saba",Pillar,28.8235294117647,8,2
"Bonaire, Sint Eustatius and Saba",Pillar,28.8235294117647,9,2
"Bonaire, Sint Eustatius and Saba",Pillar,33.49019607843137,10,2
"Bonaire, Sint Eustatius and Saba",Pillar,33.49019607843137,11,2
"Bonaire, Sint Eustatius and Saba",Pillar,33.49019607843137,12,2
"Bonaire, Sint Eustatius and Saba",Pillar,32.8235294117647,13,2
"Bonaire, Sint Eustatius and Saba",Pillar,32.8235294117647,14,2
"Bonaire, Sint Eustatius and Saba",Pillar,32.8235294117647,15,2
Bosnia and Herzegovina,Pillar,32.49019607843137,1,2
Bosnia and Herzegovina,Pillar,32.49019607843137,2,2
Bosnia and Herzegovina,Pillar,32.49019607843137,3,2
Bosnia and Herzegovina,Pillar,29.156862745098028,4,2
Bosnia and Herzegovina,Pillar,29.156862745098028,5,2
Bosnia and Herzegovina,Pillar,29.156862745098028,6,2
Bosnia and Herzegovina,Pillar,28.8235294117647,7,2
Bosnia and Herzegovina,Pillar,28.8235294117647,8,2
Bosnia and Herzegovina,Pillar,28.8235294117647,9,2
Bosnia and Herzegovina,Pillar,23.490196078431367,10,2
Bosnia and Herzegovina,Pillar,23.490196078431367,11,2
Bosnia and Herzegovina,Pillar,23.490196078431367,12,2
Bosnia and Herzegovina,Pillar,25.490196078431367,13,2
Bosnia and Herzegovina,Pillar,25.490196078431367,14,2
Bosnia and Herzegovina,Pillar,25.490196078431367,15,2
Botswana,Pillar,24.490196078431367,1,2
Botswana,Pillar,24.490196078431367,2,2
Botswana,Pillar,24.490196078431367,3,2
Botswana,Pillar,38.49019607843137,4,2
Botswana,Pillar,38.49019607843137,5,2
Botswana,Pillar,38.49019607843137,6,2
Botswana,Pillar,26.156862745098035,7,2
Botswana,Pillar,26.156862745098035,8,2
Botswana,Pillar,26.156862745098035,9,2
Botswana,Pillar,33.15686274509804,10,2
Botswana,Pillar,33.15686274509804,11,2
Botswana,Pillar,33.15686274509804,12,2
Botswana,Pillar,15.8235294117647,13,2
Botswana,Pillar,15.8235294117647,14,2
Botswana,Pillar,15.8235294117647,15,2
Bouvet Island,Pillar,31.823529411764703,1,2
Bouvet Island,Pillar,31.823529411764703,2,2
Bouvet Island,Pillar,31.823529411764703,3,2
Bouvet Island,Pillar,24.490196078431367,4,2
Bouvet Island,Pillar,24.490196078431367,5,2
Bouvet Island,Pillar,24.490196078431367,6,2
Bouvet Island,Pillar,21.8235294117647,7,2
Bouvet Island,Pillar,21.8235294117647,8,2
Bouvet Island,Pillar,21.8235294117647,9,2
Bouvet Island,Pillar,19.15686274509803,10,2
Bouvet Island,Pillar,19.15686274509803,11,2
Bouvet Island,Pillar,19.15686274509803,12,2
Bouvet Island,Pillar,34.15686274509803,13,2
Bouvet Island,Pillar,34.15686274509803,14,2
Bouvet Island,Pillar,34.15686274509803,15,2
Brazil,Pillar,31.156862745098035,1,2
Brazil,Pillar,31.156862745098035,2,2
Brazil,Pillar,31.156862745098035,3,2
Brazil,Pillar,25.15686274509804,4,2
Brazil,Pillar,25.15686274509804,5,2
Brazil,Pillar,25.15686274509804,6,2
Brazil,Pillar,30.156862745098035,7,2
Brazil,Pillar,30.156862745098035,8,2
Brazil,Pillar,30.156862745098035,9,2
Brazil,Pillar,47.49019607843137,10,2
Brazil,Pillar,47.49019607843137,11,2
Brazil,Pillar,47.49019607843137,12,2
Brazil,Pillar,20.490196078431367,13,2
Brazil,Pillar,20.490196078431367,14,2
Brazil,Pillar,20.490196078431367,15,2
Brunei,Pillar,25.490196078431367,1,2
Brunei,Pillar,25.490196078431367,2,2
Brunei,Pillar,25.490196078431367,3,2
Brunei,Pillar,29.49019607843137,4,2
Brunei,Pillar,29.49019607843137,5,2
Brunei,Pillar,29.49019607843137,6,2
Brunei,Pillar,37.15686274509804,7,2
Brunei,Pillar,37.15686274509804,8,2
Brunei,Pillar,37.15686274509804,9,2
Brunei,Pillar,26.490196078431367,10,2
Brunei,Pillar,26.490196078431367,11,2
Brunei,Pillar,26.490196078431367,12,2
Brunei,Pillar,33.15686274509803,13,2
Brunei,Pillar,33.15686274509803,14,2
Brunei,Pillar,33.15686274509803,15,2
Bulgaria,Pillar,25.156862745098035,1,2
Bulgaria,Pillar,25.156862745098035,2,2
Bulgaria,Pillar,25.156862745098035,3,2
Bulgaria,Pillar,35.15686274509804,4,2
Bulgaria,Pillar,35.15686274509804,5,2
Bulgaria,Pillar,35.15686274509804,6,2
Bulgaria,Pillar,28.823529411764703,7,2
Bulgaria,Pillar,28.823529411764703,8,2
Bulgaria,Pillar,28.823529411764703,9,2
Bulgaria,Pillar,33.8235294117647,10,2
Bulgaria,Pillar,33.8235294117647,11,2
Bulgaria,Pillar,33.8235294117647,12,2
Bulgaria,Pillar,22.490196078431367,13,2
Bulgaria,Pillar,22.490196078431367,14,2
Bulgaria,Pillar,22.490196078431367,15,2
Burkina Faso,Pillar,23.8235294117647,1,2
Burkina Faso,Pillar,23.8235294117647,2,2
Burkina Faso,Pillar,23.8235294117647,3,2
Burkina Faso,Pillar,38.49019607843137,4,2
Burkina Faso,Pillar,38.49019607843137,5,2
Burkina Faso,Pillar,38.49019607843137,6,2
Burkina Faso,Pillar,20.490196078431367,7,2
Burkina Faso,Pillar,20.490196078431367,8,2
Burkina Faso,Pillar,20.490196078431367,9,2
Burkina Faso,Pillar,30.490196078431367,10,2
Burkina Faso,Pillar,30.490196078431367,11,2
Burkina Faso,Pillar,30.490196078431367,12,2
Burkina Faso,Pillar,26.490196078431367,13,2
Burkina Faso,Pillar,26.490196078431367,14,2
Burkina Faso,Pillar,26.490196078431367,15,2
Burundi,Pillar,20.490196078431367,1,2
Burundi,Pillar,20.490196078431367,2,2
Burundi,Pillar,20.490196078431367,3,2
Burundi,Pillar,28.8235294117647,4,2
Burundi,Pillar,28.8235294117647,5,2
Burundi,Pillar,28.8235294117647,6,2
Burundi,Pillar,14.823529411764701,7,2
Burundi,Pillar,14.823529411764701,8,2
Burundi,Pillar,14.823529411764701,9,2
Burundi,Pillar,34.15686274509803,10,2
Burundi,Pillar,34.15686274509803,11,2
Burundi,Pillar,34.15686274509803,12,2
Burundi,Pillar,18.8235294117647,13,2
Burundi,Pillar,18.8235294117647,14,2
Burundi,Pillar,18.8235294117647,15,2
Cameroon,Pillar,30.490196078431367,1,2
Cameroon,Pillar,30.490196078431367,2,2
Cameroon,Pillar,30.490196078431367,3,2
Cameroon,Pillar,24.156862745098035,4,2
Cameroon,Pillar,24.156862745098035,5,2
Cameroon,Pillar,24.156862745098035,6,2
Cameroon,Pillar,36.8235294117647,7,2
Cameroon,Pillar,36.8235294117647,8,2
Cameroon,Pillar,36.8235294117647,9,2
Cameroon,Pillar,38.8235294117647,10,2
Cameroon,Pillar,38.8235294117647,11,2
Cameroon,Pillar,38.8235294117647,12,2
Cameroon,Pillar,30.490196078431367,13,2
Cameroon,Pillar,30.490196078431367,14,2
Cameroon,Pillar,30.490196078431367,15,2
Cape Verde,Pillar,28.15686274509803,1,2
Cape Verde,Pillar,28.15686274509803,2,2
Cape Verde,Pillar,28.15686274509803,3,2
Cape Verde,Pillar,42.156862745098046,4,2
Cape Verde,Pillar,42.156862745098046,5,2
Cape Verde,Pillar,42.156862745098046,6,2
Cape Verde,Pillar,25.15686274509803,7,2
Cape Verde,Pillar,25.15686274509803,8,2
Cape Verde,Pillar,25.15686274509803,9,2
Cape Verde,Pillar,25.15686274509803,10,2
Cape Verde,Pillar,25.15686274509803,11,2
Cape Verde,Pillar,25.15686274509803,12,2
Cape Verde,Pillar,26.156862745098035,13,2
Cape Verde,Pillar,26.156862745098035,14,2
Cape Verde,Pillar,26.156862745098035,15,2
China,Pillar,23.490196078431367,1,2
China,Pillar,23.490196078431367,2,2
China,Pillar,23.490196078431367,3,2
China,Pillar,34.8235294117647,4,2
China,Pillar,34.8235294117647,5,2
China,Pillar,34.8235294117647,6,2
China,Pillar,32.8235294117647,7,2
China,Pillar,32.8235294117647,8,2
China,Pillar,32.8235294117647,9,2
China,Pillar,29.156862745098035,10,2
China,Pillar,29.156862745098035,11,2
China,Pillar,29.156862745098035,12,2
China,Pillar,37.8235294117647,13,2
China,Pillar,37.8235294117647,14,2
China,Pillar,37.8235294117647,15,2
Christmas Island,Pillar,31.490196078431367,1,2
Christmas Island,Pillar,31.490196078431367,2,2
Christmas Island,Pillar,31.490196078431367,3,2
Christmas Island,Pillar,24.15686274509804,4,2
Christmas Island,Pillar,24.15686274509804,5,2
Christmas Island,Pillar,24.15686274509804,6,2
Christmas Island,Pillar,29.490196078431367,7,2
Christmas Island,Pillar,29.490196078431367,8,2
Christmas Island,Pillar,29.490196078431367,9,2
Christmas Island,Pillar,29.8235294117647,10,2
Christmas Island,Pillar,29.8235294117647,11,2
Christmas Island,Pillar,29.8235294117647,12,2
Christmas Island,Pillar,31.823529411764703,13,2
Christmas Island,Pillar,31.823529411764703,14,2
Christmas Island,Pillar,31.823529411764703,15,2
Clipperton Island,Pillar,41.8235294117647,1,2
Clipperton Island,Pillar,41.8235294117647,2,2
Clipperton Island,Pillar,41.8235294117647,3,2
Clipperton Island,Pillar,33.8235294117647,4,2
Clipperton Island,Pillar,33.8235294117647,5,2
Clipperton Island,Pillar,33.8235294117647,6,2
Clipperton Island,Pillar,43.15686274509804,7,2
Clipperton Island,Pillar,43.15686274509804,8,2
Clipperton Island,Pillar,43.15686274509804,9,2
Clipperton Island,Pillar,27.156862745098035,10,2
Clipperton Island,Pillar,27.156862745098035,11,2
Clipperton Island,Pillar,27.156862745098035,12,2
Clipperton Island,Pillar,40.8235294117647,13,2
Clipperton Island,Pillar,40.8235294117647,14,2
Clipperton Island,Pillar,40.8235294117647,15,2
Colombia,Pillar,28.490196078431367,1,2
Colombia,Pillar,28.490196078431367,2,2
Colombia,Pillar,28.490196078431367,3,2
Colombia,Pillar,32.823529411764696,4,2
Colombia,Pillar,32.823529411764696,5,2
Colombia,Pillar,32.823529411764696,6,2
Colombia,Pillar,27.156862745098035,7,2
Colombia,Pillar,27.156862745098035,8,2
Colombia,Pillar,27.156862745098035,9,2
Colombia,Pillar,17.490196078431367,10,2
Colombia,Pillar,17.490196078431367,11,2
Colombia,Pillar,17.490196078431367,12,2
Colombia,Pillar,28.156862745098035,13,2
Colombia,Pillar,28.156862745098035,14,2
Colombia,Pillar,28.156862745098035,15,2
Costa Rica,Pillar,26.15686274509803,1,2
Costa Rica,Pillar,26.15686274509803,2,2
Costa Rica,Pillar,26.15686274509803,3,2
Costa Rica,Pillar,37.15686274509804,4,2
Costa Rica,Pillar,37.15686274509804,5,2
Costa Rica,Pillar,37.15686274509804,6,2
Costa Rica,Pillar,20.490196078431367,7,2
Costa Rica,Pillar,20.490196078431367,8,2
Costa Rica,Pillar,20.490196078431367,9,2
Costa Rica,Pillar,32.8235294117647,10,2
Costa Rica,Pillar,32.8235294117647,11,2
Costa Rica,Pillar,32.8235294117647,12,2
Costa Rica,Pillar,21.8235294117647,13,2
Costa Rica,Pillar,21.8235294117647,14,2
Costa Rica,Pillar,21.8235294117647,15,2
Cuba,Pillar,26.15686274509803,1,2
Cuba,Pillar,26.15686274509803,2,2
Cuba,Pillar,26.15686274509803,3,2
Cuba,Pillar,31.8235294117647,4,2
Cuba,Pillar,31.8235294117647,5,2
Cuba,Pillar,31.8235294117647,6,2
Cuba,Pillar,28.823529411764703,7,2
Cuba,Pillar,28.823529411764703,8,2
Cuba,Pillar,28.823529411764703,9,2
Cuba,Pillar,15.156862745098035,10,2
Cuba,Pillar,15.156862745098035,11,2
Cuba,Pillar,15.156862745098035,12,2
Cuba,Pillar,23.8235294117647,13,2
Cuba,Pillar,23.8235294117647,14,2
Cuba,Pillar,23.8235294117647,15,2
Curaçao,Pillar,22.490196078431364,1,2
Curaçao,Pillar,22.490196078431364,2,2
Curaçao,Pillar,22.490196078431364,3,2
Curaçao,Pillar,33.490196078431374,4,2
Curaçao,Pillar,33.490196078431374,5,2
Curaçao,Pillar,33.490196078431374,6,2
Curaçao,Pillar,32.49019607843137,7,2
Curaçao,Pillar,32.49019607843137,8,2
Curaçao,Pillar,32.49019607843137,9,2
Curaçao,Pillar,28.156862745098035,10,2
Curaçao,Pillar,28.156862745098035,11,2
Curaçao,Pillar,28.156862745098035,12,2
Curaçao,Pillar,25.8235294117647,13,2
Curaçao,Pillar,25.8235294117647,14,2
Curaçao,Pillar,25.8235294117647,15,2
Cyprus,Pillar,29.823529411764703,1,2
Cyprus,Pillar,29.823529411764703,2,2
Cyprus,Pillar,29.823529411764703,3,2
Cyprus,Pillar,27.490196078431367,4,2
Cyprus,Pillar,27.490196078431367,5,2
Cyprus,Pillar,27.490196078431367,6,2
Cyprus,Pillar,31.156862745098035,7,2
Cyprus,Pillar,31.156862745098035,8,2
Cyprus,Pillar,31.156862745098035,9,2
Cyprus,Pillar,35.15686274509804,10,2
Cyprus,Pillar,35.15686274509804,11,2
Cyprus,Pillar,35.15686274509804,12,2
Cyprus,Pillar,33.8235294117647,13,2
Cyprus,Pillar,33.8235294117647,14,2
Cyprus,Pillar,33.8235294117647,15,2
Czechia,Pillar,35.49019607843137,1,2
Czechia,Pillar,35.49019607843137,2,2
Czechia,Pillar,35.49019607843137,3,2
Czechia,Pillar,11.490196078431373,4,2
Czechia,Pillar,11.490196078431373,5,2
Czechia,Pillar,11.490196078431373,6,2
Czechia,Pillar,28.156862745098035,7,2
Czechia,Pillar,28.156862745098035,8,2
Czechia,Pillar,28.156862745098035,9,2
Czechia,Pillar,27.490196078431367,10,2
Czechia,Pillar,27.490196078431367,11,2
Czechia,Pillar,27.490196078431367,12,2
Czechia,Pillar,34.15686274509803,13,2
Czechia,Pillar,34.15686274509803,14,2
Czechia,Pillar,34.15686274509803,15,2
Gambia,Pillar,35.49019607843137,1,2
Gambia,Pillar,35.49019607843137,2,2
Gambia,Pillar,35.49019607843137,3,2
Gambia,Pillar,28.156862745098035,4,2
Gambia,Pillar,28.156862745098035,5,2
Gambia,Pillar,28.156862745098035,6,2
Gambia,Pillar,27.823529411764703,7,2
Gambia,Pillar,27.823529411764703,8,2
Gambia,Pillar,27.823529411764703,9,2
Gambia,Pillar,35.8235294117647,10,2
Gambia,Pillar,35.8235294117647,11,2
Gambia,Pillar,35.8235294117647,12,2
Gambia,Pillar,36.15686274509804,13,2
Gambia,Pillar,36.15686274509804,14,2
Gambia,Pillar,36.15686274509804,15,2
Greenland,Pillar,32.49019607843137,1,2
Greenland,Pillar,32.49019607843137,2,2
Greenland,Pillar,32.49019607843137,3,2
Greenland,Pillar,24.490196078431364,4,2
Greenland,Pillar,24.490196078431364,5,2
Greenland,Pillar,24.490196078431364,6,2
Greenland,Pillar,25.15686274509803,7,2
Greenland,Pillar,25.15686274509803,8,2
Greenland,Pillar,25.15686274509803,9,2
Greenland,Pillar,36.15686274509804,10,2
Greenland,Pillar,36.15686274509804,11,2
Greenland,Pillar,36.15686274509804,12,2
Greenland,Pillar,25.490196078431367,13,2
Greenland,Pillar,25.490196078431367,14,2
Greenland,Pillar,25.490196078431367,15,2
Guinea,Pillar,29.823529411764703,1,2
Guinea,Pillar,29.823529411764703,2,2
Guinea,Pillar,29.823529411764703,3,2
Guinea,Pillar,18.156862745098028,4,2
Guinea,Pillar,18.156862745098028,5,2
Guinea,Pillar,18.156862745098028,6,2
Guinea,Pillar,31.8235294117647,7,2
Guinea,Pillar,31.8235294117647,8,2
Guinea,Pillar,31.8235294117647,9,2
Guinea,Pillar,36.49019607843137,10,2
Guinea,Pillar,36.49019607843137,11,2
Guinea,Pillar,36.49019607843137,12,2
Guinea,Pillar,30.490196078431367,13,2
Guinea,Pillar,30.490196078431367,14,2
Guinea,Pillar,30.490196078431367,15,2
Saint Barthélemy,Pillar,21.8235294117647,1,2
Saint Barthélemy,Pillar,21.8235294117647,2,2
Saint Barthélemy,Pillar,21.8235294117647,3,2
Saint Barthélemy,Pillar,33.15686274509803,4,2
Saint Barthélemy,Pillar,33.15686274509803,5,2
Saint Barthélemy,Pillar,33.15686274509803,6,2
Saint Barthélemy,Pillar,24.8235294117647,7,2
Saint Barthélemy,Pillar,24.8235294117647,8,2
Saint Barthélemy,Pillar,24.8235294117647,9,2
Saint Barthélemy,Pillar,31.156862745098035,10,2
Saint Barthélemy,Pillar,31.156862745098035,11,2
Saint Barthélemy,Pillar,31.156862745098035,12,2
Saint Barthélemy,Pillar,39.8235294117647,13,2
Saint Barthélemy,Pillar,39.8235294117647,14,2
Saint Barthélemy,Pillar,39.8235294117647,15,2
Sudan,Pillar,42.8235294117647,1,2
Sudan,Pillar,42.8235294117647,2,2
Sudan,Pillar,42.8235294117647,3,2
Sudan,Pillar,29.49019607843137,4,2
Sudan,Pillar,29.49019607843137,5,2
Sudan,Pillar,29.49019607843137,6,2
Sudan,Pillar,25.15686274509803,7,2
Sudan,Pillar,25.15686274509803,8,2
Sudan,Pillar,25.15686274509803,9,2
Sudan,Pillar,23.490196078431367,10,2
Sudan,Pillar,23.490196078431367,11,2
Sudan,Pillar,23.490196078431367,12,2
Sudan,Pillar,33.49019607843137,13,2
Sudan,Pillar,33.49019607843137,14,2
Sudan,Pillar,33.49019607843137,15,2
United Arab Emirates,Pillar,34.8235294117647,1,2
United Arab Emirates,Pillar,34.8235294117647,2,2
United Arab Emirates,Pillar,34.8235294117647,3,2
United Arab Emirates,Pillar,31.823529411764707,4,2
United Arab Emirates,Pillar,31.823529411764707,5,2
United Arab Emirates,Pillar,31.823529411764707,6,2
United Arab Emirates,Pillar,22.490196078431367,7,2
United Arab Emirates,Pillar,22.490196078431367,8,2
United Arab Emirates,Pillar,22.490196078431367,9,2
United Arab Emirates,Pillar,22.8235294117647,10,2
United Arab Emirates,Pillar,22.8235294117647,11,2
United Arab Emirates,Pillar,22.8235294117647,12,2
United Arab Emirates,Pillar,29.156862745098035,13,2
United Arab Emirates,Pillar,29.156862745098035,14,2
United Arab Emirates,Pillar,29.156862745098035,15,2
Afghanistan,Commitment,26.823529411764703,1,1
Afghanistan,Commitment,31.8235294117647,2,1
Afghanistan,Commitment,18.8235294117647,3,1
Afghanistan,Commitment,36.823529411764696,4,1
Afghanistan,Commitment,32.82352941176471,5,1
Afghanistan,Commitment,16.823529411764696,6,1
Afghanistan,Commitment,24.8235294117647,7,1
Afghanistan,Commitment,30.8235294117647,8,1
Afghanistan,Commitment,35.8235294117647,9,1
Afghanistan,Commitment,20.8235294117647,10,1
Afghanistan,Commitment,39.8235294117647,11,1
Afghanistan,Commitment,28.8235294117647,12,1
Afghanistan,Commitment,26.8235294117647,13,1
Afghanistan,Commitment,40.8235294117647,14,1
Afghanistan,Commitment,28.8235294117647,15,1
Albania,Commitment,34.8235294117647,1,1
Albania,Commitment,16.8235294117647,2,1
Albania,Commitment,35.8235294117647,3,1
Albania,Commitment,42.82352941176471,4,1
Albania,Commitment,38.823529411764696,5,1
Albania,Commitment,32.82352941176471,6,1
Albania,Commitment,41.8235294117647,7,1
Albania,Commitment,28.8235294117647,8,1
Albania,Commitment,25.8235294117647,9,1
Albania,Commitment,31.8235294117647,10,1
Albania,Commitment,18.8235294117647,11,1
Albania,Commitment,11.8235294117647,12,1
Albania,Commitment,25.8235294117647,13,1
Albania,Commitment,24.8235294117647,14,1
Albania,Commitment,38.8235294117647,15,1
American Samoa,Commitment,20.8235294117647,1,1
American Samoa,Commitment,29.8235294117647,2,1
American Samoa,Commitment,19.8235294117647,3,1
American Samoa,Commitment,24.823529411764696,4,1
American Samoa,Commitment,24.823529411764696,5,1
American Samoa,Commitment,34.82352941176471,6,1
American Samoa,Commitment,23.8235294117647,7,1
American Samoa,Commitment,25.8235294117647,8,1
American Samoa,Commitment,26.8235294117647,9,1
American Samoa,Commitment,36.8235294117647,10,1
American Samoa,Commitment,40.8235294117647,11,1
American Samoa,Commitment,42.8235294117647,12,1
American Samoa,Commitment,43.8235294117647,13,1
American Samoa,Commitment,22.8235294117647,14,1
American Samoa,Commitment,24.8235294117647,15,1
Andorra,Commitment,33.8235294117647,1,1
Andorra,Commitment,31.8235294117647,2,1
Andorra,Commitment,1.8235294117647003,3,1
Andorra,Commitment,35.82352941176471,4,1
Andorra,Commitment,26.823529411764696,5,1
Andorra,Commitment,26.823529411764696,6,1
Andorra,Commitment,37.8235294117647,7,1
Andorra,Commitment,43.8235294117647,8,1
Andorra,Commitment,25.8235294117647,9,1
Andorra,Commitment,25.8235294117647,10,1
Andorra,Commitment,33.8235294117647,11,1
Andorra,Commitment,37.8235294117647,12,1
Andorra,Commitment,32.8235294117647,13,1
Andorra,Commitment,13.8235294117647,14,1
Andorra,Commitment,55.8235294117647,15,1
Angola,Commitment,20.8235294117647,1,1
Angola,Commitment,27.823529411764696,2,1
Angola,Commitment,30.8235294117647,3,1
Angola,Commitment,39.82352941176471,4,1
Angola,Commitment,37.82352941176471,5,1
Angola,Commitment,43.823529411764696,6,1
Angola,Commitment,20.8235294117647,7,1
Angola,Commitment,43.8235294117647,8,1
Angola,Commitment,41.8235294117647,9,1
Angola,Commitment,29.8235294117647,10,1
Angola,Commitment,32.8235294117647,11,1
Angola,Commitment,17.8235294117647,12,1
Angola,Commitment,27.8235294117647,13,1
Angola,Commitment,21.8235294117647,14,1
Angola,Commitment,36.8235294117647,15,1
Anguilla,Commitment,34.8235294117647,1,1
Anguilla,Commitment,41.8235294117647,2,1
Anguilla,Commitment,26.823529411764703,3,1
Anguilla,Commitment,28.823529411764696,4,1
Anguilla,Commitment,23.823529411764696,5,1
Anguilla,Commitment,12.823529411764696,6,1
Anguilla,Commitment,30.8235294117647,7,1
Anguilla,Commitment,38.8235294117647,8,1
Anguilla,Commitment,10.8235294117647,9,1
Anguilla,Commitment,26.8235294117647,10,1
Anguilla,Commitment,30.8235294117647,11,1
Anguilla,Commitment,24.8235294117647,12,1
Anguilla,Commitment,21.8235294117647,13,1
Anguilla,Commitment,19.8235294117647,14,1
Anguilla,Commitment,30.8235294117647,15,1
Antigua and Barbuda,Commitment,25.8235294117647,1,1
Antigua and Barbuda,Commitment,21.8235294117647,2,1
Antigua and Barbuda,Commitment,41.8235294117647,3,1
Antigua and Barbuda,Commitment,25.82352941176471,4,1
Antigua and Barbuda,Commitment,23.823529411764696,5,1
Antigua and Barbuda,Commitment,31.823529411764696,6,1
Antigua and Barbuda,Commitment,29.8235294117647,7,1
Antigua and Barbuda,Commitment,26.8235294117647,8,1
Antigua and Barbuda,Commitment,33.8235294117647,9,1
Antigua and Barbuda,Commitment,25.8235294117647,10,1
Antigua and Barbuda,Commitment,35.8235294117647,11,1
Antigua and Barbuda,Commitment,27.8235294117647,12,1
Antigua and Barbuda,Commitment,23.8235294117647,13,1
Antigua and Barbuda,Commitment,26.8235294117647,14,1
Antigua and Barbuda,Commitment,30.8235294117647,15,1
Argentina,Commitment,36.8235294117647,1,1
Argentina,Commitment,21.8235294117647,2,1
Argentina,Commitment,17.8235294117647,3,1
Argentina,Commitment,35.82352941176471,4,1
Argentina,Commitment,35.82352941176471,5,1
Argentina,Commitment,35.82352941176471,6,1
Argentina,Commitment,28.8235294117647,7,1
Argentina,Commitment,16.8235294117647,8,1
Argentina,Commitment,7.8235294117647,9,1
Argentina,Commitment,32.8235294117647,10,1
Argentina,Commitment,29.8235294117647,11,1
Argentina,Commitment,43.8235294117647,12,1
Argentina,Commitment,45.8235294117647,13,1
Argentina,Commitment,32.8235294117647,14,1
Argentina,Commitment,37.8235294117647,15,1
Armenia,Commitment,17.8235294117647,1,1
Armenia,Commitment,29.8235294117647,2,1
Armenia,Commitment,24.8235294117647,3,1
Armenia,Commitment,22.823529411764696,4,1
Armenia,Commitment,28.823529411764696,5,1
Armenia,Commitment,31.823529411764696,6,1
Armenia,Commitment,39.8235294117647,7,1
Armenia,Commitment,46.8235294117647,8,1
Armenia,Commitment,17.8235294117647,9,1
Armenia,Commitment,27.8235294117647,10,1
Armenia,Commitment,9.8235294117647,11,1
Armenia,Commitment,38.8235294117647,12,1
Armenia,Commitment,13.8235294117647,13,1
Armenia,Commitment,32.8235294117647,14,1
Armenia,Commitment,26.8235294117647,15,1
Aruba,Commitment,16.8235294117647,1,1
Aruba,Commitment,5.8235294117647,2,1
Aruba,Commitment,31.8235294117647,3,1
Aruba,Commitment,17.823529411764696,4,1
Aruba,Commitment,20.82352941176471,5,1
Aruba,Commitment,29.823529411764696,6,1
Aruba,Commitment,29.8235294117647,7,1
Aruba,Commitment,41.8235294117647,8,1
Aruba,Commitment,44.8235294117647,9,1
Aruba,Commitment,38.8235294117647,10,1
Aruba,Commitment,11.8235294117647,11,1
Aruba,Commitment,30.8235294117647,12,1
Aruba,Commitment,34.8235294117647,13,1
Aruba,Commitment,33.8235294117647,14,1
Aruba,Commitment,34.8235294117647,15,1
Australia,Commitment,7.8235294117647,1,1
Australia,Commitment,20.8235294117647,2,1
Australia,Commitment,38.8235294117647,3,1
Australia,Commitment,40.82352941176471,4,1
Australia,Commitment,10.82352941176471,5,1
Australia,Commitment,27.823529411764696,6,1
Australia,Commitment,25.8235294117647,7,1
Australia,Commitment,16.8235294117647,8,1
Australia,Commitment,34.8235294117647,9,1
Australia,Commitment,32.8235294117647,10,1
Australia,Commitment,21.8235294117647,11,1
Australia,Commitment,36.8235294117647,12,1
Australia,Commitment,17.8235294117647,13,1
Australia,Commitment,36.8235294117647,14,1
Australia,Commitment,24.8235294117647,15,1
Austria,Commitment,25.8235294117647,1,1
Austria,Commitment,55.8235294117647,2,1
Austria,Commitment,13.823529411764698,3,1
Austria,Commitment,35.82352941176471,4,1
Austria,Commitment,34.82352941176471,5,1
Austria,Commitment,21.823529411764696,6,1
Austria,Commitment,0.823529411764706,7,1
Austria,Commitment,14.8235294117647,8,1
Austria,Commitment,31.8235294117647,9,1
Austria,Commitment,18.8235294117647,10,1
Austria,Commitment,11.8235294117647,11,1
Austria,Commitment,38.8235294117647,12,1
Austria,Commitment,29.8235294117647,13,1
Austria,Commitment,10.8235294117647,14,1
Austria,Commitment,33.8235294117647,15,1
Azerbaijan,Commitment,43.8235294117647,1,1
Azerbaijan,Commitment,31.8235294117647,2,1
Azerbaijan,Commitment,20.8235294117647,3,1
Azerbaijan,Commitment,31.823529411764696,4,1
Azerbaijan,Commitment,29.823529411764696,5,1
Azerbaijan,Commitment,21.823529411764696,6,1
Azerbaijan,Commitment,28.8235294117647,7,1
Azerbaijan,Commitment,25.8235294117647,8,1
Azerbaijan,Commitment,27.8235294117647,9,1
Azerbaijan,Commitment,9.8235294117647,10,1
Azerbaijan,Commitment,28.8235294117647,11,1
Azerbaijan,Commitment,28.8235294117647,12,1
Azerbaijan,Commitment,38.8235294117647,13,1
Azerbaijan,Commitment,18.8235294117647,14,1
Azerbaijan,Commitment,36.8235294117647,15,1
Bahamas,Commitment,27.823529411764696,1,1
Bahamas,Commitment,16.8235294117647,2,1
Bahamas,Commitment,20.8235294117647,3,1
Bahamas,Commitment,6.823529411764696,4,1
Bahamas,Commitment,28.823529411764696,5,1
Bahamas,Commitment,20.82352941176471,6,1
Bahamas,Commitment,22.8235294117647,7,1
Bahamas,Commitment,46.8235294117647,8,1
Bahamas,Commitment,39.8235294117647,9,1
Bahamas,Commitment,28.8235294117647,10,1
Bahamas,Commitment,38.8235294117647,11,1
Bahamas,Commitment,47.8235294117647,12,1
Bahamas,Commitment,9.8235294117647,13,1
Bahamas,Commitment,30.8235294117647,14,1
Bahamas,Commitment,37.8235294117647,15,1
Bahrain,Commitment,16.8235294117647,1,1
Bahrain,Commitment,44.8235294117647,2,1
Bahrain,Commitment,40.8235294117647,3,1
Bahrain,Commitment,28.823529411764696,4,1
Bahrain,Commitment,46.823529411764696,5,1
Bahrain,Commitment,28.823529411764696,6,1
Bahrain,Commitment,14.8235294117647,7,1
Bahrain,Commitment,7.8235294117647,8,1
Bahrain,Commitment,21.8235294117647,9,1
Bahrain,Commitment,35.8235294117647,10,1
Bahrain,Commitment,25.8235294117647,11,1
Bahrain,Commitment,42.8235294117647,12,1
Bahrain,Commitment,27.8235294117647,13,1
Bahrain,Commitment,33.8235294117647,14,1
Bahrain,Commitment,35.8235294117647,15,1
Bangladesh,Commitment,14.8235294117647,1,1
Bangladesh,Commitment,26.823529411764703,2,1
Bangladesh,Commitment,27.823529411764696,3,1
Bangladesh,Commitment,41.823529411764696,4,1
Bangladesh,Commitment,42.82352941176471,5,1
Bangladesh,Commitment,24.823529411764696,6,1
Bangladesh,Commitment,20.8235294117647,7,1
Bangladesh,Commitment,48.8235294117647,8,1
Bangladesh,Commitment,44.8235294117647,9,1
Bangladesh,Commitment,24.8235294117647,10,1
Bangladesh,Commitment,29.8235294117647,11,1
Bangladesh,Commitment,31.8235294117647,12,1
Bangladesh,Commitment,39.8235294117647,13,1
Bangladesh,Commitment,26.8235294117647,14,1
Bangladesh,Commitment,26.8235294117647,15,1
Barbados,Commitment,35.8235294117647,1,1
Barbados,Commitment,30.8235294117647,2,1
Barbados,Commitment,21.8235294117647,3,1
Barbados,Commitment,43.823529411764696,4,1
Barbados,Commitment,31.823529411764696,5,1
Barbados,Commitment,35.82352941176471,6,1
Barbados,Commitment,31.8235294117647,7,1
Barbados,Commitment,20.8235294117647,8,1
Barbados,Commitment,17.8235294117647,9,1
Barbados,Commitment,18.8235294117647,10,1
Barbados,Commitment,30.8235294117647,11,1
Barbados,Commitment,37.8235294117647,12,1
Barbados,Commitment,42.8235294117647,13,1
Barbados,Commitment,31.8235294117647,14,1
Barbados,Commitment,35.8235294117647,15,1
Belarus,Commitment,31.8235294117647,1,1
Belarus,Commitment,16.8235294117647,2,1
Belarus,Commitment,18.8235294117647,3,1
Belarus,Commitment,35.82352941176471,4,1
Belarus,Commitment,17.823529411764696,5,1
Belarus,Commitment,43.823529411764696,6,1
Belarus,Commitment,25.8235294117647,7,1
Belarus,Commitment,26.8235294117647,8,1
Belarus,Commitment,31.8235294117647,9,1
Belarus,Commitment,26.8235294117647,10,1
Belarus,Commitment,15.8235294117647,11,1
Belarus,Commitment,33.8235294117647,12,1
Belarus,Commitment,15.8235294117647,13,1
Belarus,Commitment,32.8235294117647,14,1
Belarus,Commitment,18.8235294117647,15,1
Belgium,Commitment,31.8235294117647,1,1
Belgium,Commitment,29.8235294117647,2,1
Belgium,Commitment,31.8235294117647,3,1
Belgium,Commitment,39.82352941176471,4,1
Belgium,Commitment,32.82352941176471,5,1
Belgium,Commitment,21.823529411764696,6,1
Belgium,Commitment,24.8235294117647,7,1
Belgium,Commitment,35.8235294117647,8,1
Belgium,Commitment,32.8235294117647,9,1
Belgium,Commitment,23.8235294117647,10,1
Belgium,Commitment,25.8235294117647,11,1
Belgium,Commitment,27.8235294117647,12,1
Belgium,Commitment,22.8235294117647,13,1
Belgium,Commitment,35.8235294117647,14,1
Belgium,Commitment,31.8235294117647,15,1
Belize,Commitment,25.8235294117647,1,1
Belize,Commitment,41.8235294117647,2,1
Belize,Commitment,37.8235294117647,3,1
Belize,Commitment,46.823529411764696,4,1
Belize,Commitment,32.82352941176471,5,1
Belize,Commitment,40.82352941176471,6,1
Belize,Commitment,20.8235294117647,7,1
Belize,Commitment,26.8235294117647,8,1
Belize,Commitment,43.8235294117647,9,1
Belize,Commitment,26.8235294117647,10,1
Belize,Commitment,29.8235294117647,11,1
Belize,Commitment,25.8235294117647,12,1
Belize,Commitment,26.8235294117647,13,1
Belize,Commitment,20.8235294117647,14,1
Belize,Commitment,20.8235294117647,15,1
Benin,Commitment,17.8235294117647,1,1
Benin,Commitment,18.8235294117647,2,1
Benin,Commitment,35.8235294117647,3,1
Benin,Commitment,40.82352941176471,4,1
Benin,Commitment,34.82352941176471,5,1
Benin,Commitment,41.823529411764696,6,1
Benin,Commitment,50.8235294117647,7,1
Benin,Commitment,28.8235294117647,8,1
Benin,Commitment,11.8235294117647,9,1
Benin,Commitment,41.8235294117647,10,1
Benin,Commitment,32.8235294117647,11,1
Benin,Commitment,47.8235294117647,12,1
Benin,Commitment,34.8235294117647,13,1
Benin,Commitment,29.8235294117647,14,1
Benin,Commitment,19.8235294117647,15,1
Bermuda,Commitment,13.823529411764698,1,1
Bermuda,Commitment,30.8235294117647,2,1
Bermuda,Commitment,23.8235294117647,3,1
Bermuda,Commitment,34.82352941176471,4,1
Bermuda,Commitment,22.823529411764696,5,1
Bermuda,Commitment,35.82352941176471,6,1
Bermuda,Commitment,29.8235294117647,7,1
Bermuda,Commitment,30.8235294117647,8,1
Bermuda,Commitment,19.8235294117647,9,1
Bermuda,Commitment,30.8235294117647,10,1
Bermuda,Commitment,31.8235294117647,11,1
Bermuda,Commitment,31.8235294117647,12,1
Bermuda,Commitment,13.8235294117647,13,1
Bermuda,Commitment,38.8235294117647,14,1
Bermuda,Commitment,30.8235294117647,15,1
Bhutan,Commitment,41.8235294117647,1,1
Bhutan,Commitment,16.8235294117647,2,1
Bhutan,Commitment,26.823529411764703,3,1
Bhutan,Commitment,24.823529411764696,4,1
Bhutan,Commitment,26.823529411764696,5,1
Bhutan,Commitment,34.82352941176471,6,1
Bhutan,Commitment,19.8235294117647,7,1
Bhutan,Commitment,40.8235294117647,8,1
Bhutan,Commitment,14.8235294117647,9,1
Bhutan,Commitment,31.8235294117647,10,1
Bhutan,Commitment,10.8235294117647,11,1
Bhutan,Commitment,34.8235294117647,12,1
Bhutan,Commitment,21.8235294117647,13,1
Bhutan,Commitment,32.8235294117647,14,1
Bhutan,Commitment,24.8235294117647,15,1
Bolivia,Commitment,36.8235294117647,1,1
Bolivia,Commitment,51.8235294117647,2,1
Bolivia,Commitment,19.8235294117647,3,1
Bolivia,Commitment,28.823529411764696,4,1
Bolivia,Commitment,34.82352941176471,5,1
Bolivia,Commitment,34.82352941176471,6,1
Bolivia,Commitment,14.8235294117647,7,1
Bolivia,Commitment,12.8235294117647,8,1
Bolivia,Commitment,20.8235294117647,9,1
Bolivia,Commitment,14.8235294117647,10,1
Bolivia,Commitment,38.8235294117647,11,1
Bolivia,Commitment,22.8235294117647,12,1
Bolivia,Commitment,23.8235294117647,13,1
Bolivia,Commitment,28.8235294117647,14,1
Bolivia,Commitment,18.8235294117647,15,1
"Bonaire, Sint Eustatius and Saba",Commitment,34.8235294117647,1,1
"Bonaire, Sint Eustatius and Saba",Commitment,35.8235294117647,2,1
"Bonaire, Sint Eustatius and Saba",Commitment,20.8235294117647,3,1
"Bonaire, Sint Eustatius and Saba",Commitment,44.82352941176471,4,1
"Bonaire, Sint Eustatius and Saba",Commitment,22.823529411764696,5,1
"Bonaire, Sint Eustatius and Saba",Commitment,13.823529411764696,6,1
"Bonaire, Sint Eustatius and Saba",Commitment,21.8235294117647,7,1
"Bonaire, Sint Eustatius and Saba",Commitment,31.8235294117647,8,1
"Bonaire, Sint Eustatius and Saba",Commitment,32.8235294117647,9,1
"Bonaire, Sint Eustatius and Saba",Commitment,31.8235294117647,10,1
"Bonaire, Sint Eustatius and Saba",Commitment,32.8235294117647,11,1
"Bonaire, Sint Eustatius and Saba",Commitment,35.8235294117647,12,1
"Bonaire, Sint Eustatius and Saba",Commitment,41.8235294117647,13,1
"Bonaire, Sint Eustatius and Saba",Commitment,15.8235294117647,14,1
"Bonaire, Sint Eustatius and Saba",Commitment,40.8235294117647,15,1
Bosnia and Herzegovina,Commitment,46.8235294117647,1,1
Bosnia and Herzegovina,Commitment,13.823529411764698,2,1
Bosnia and Herzegovina,Commitment,36.8235294117647,3,1
Bosnia and Herzegovina,Commitment,31.823529411764696,4,1
Bosnia and Herzegovina,Commitment,27.823529411764696,5,1
Bosnia and Herzegovina,Commitment,27.823529411764696,6,1
Bosnia and Herzegovina,Commitment,32.8235294117647,7,1
Bosnia and Herzegovina,Commitment,31.8235294117647,8,1
Bosnia and Herzegovina,Commitment,21.8235294117647,9,1
Bosnia and Herzegovina,Commitment,25.8235294117647,10,1
Bosnia and Herzegovina,Commitment,7.8235294117647,11,1
Bosnia and Herzegovina,Commitment,36.8235294117647,12,1
Bosnia and Herzegovina,Commitment,16.8235294117647,13,1
Bosnia and Herzegovina,Commitment,35.8235294117647,14,1
Bosnia and Herzegovina,Commitment,23.8235294117647,15,1
Botswana,Commitment,23.8235294117647,1,1
Botswana,Commitment,33.8235294117647,2,1
Botswana,Commitment,15.8235294117647,3,1
Botswana,Commitment,33.823529411764696,4,1
Botswana,Commitment,39.82352941176471,5,1
Botswana,Commitment,41.823529411764696,6,1
Botswana,Commitment,33.8235294117647,7,1
Botswana,Commitment,24.8235294117647,8,1
Botswana,Commitment,19.8235294117647,9,1
Botswana,Commitment,40.8235294117647,10,1
Botswana,Commitment,36.8235294117647,11,1
Botswana,Commitment,21.8235294117647,12,1
Botswana,Commitment,26.8235294117647,13,1
Botswana,Commitment,13.8235294117647,14,1
Botswana,Commitment,6.8235294117647,15,1
Bouvet Island,Commitment,35.8235294117647,1,1
Bouvet Island,Commitment,23.8235294117647,2,1
Bouvet Island,Commitment,35.8235294117647,3,1
Bouvet Island,Commitment,26.823529411764696,4,1
Bouvet Island,Commitment,31.823529411764696,5,1
Bouvet Island,Commitment,14.82352941176471,6,1
Bouvet Island,Commitment,34.8235294117647,7,1
Bouvet Island,Commitment,6.8235294117647,8,1
Bouvet Island,Commitment,23.8235294117647,9,1
Bouvet Island,Commitment,26.8235294117647,10,1
Bouvet Island,Commitment,16.8235294117647,11,1
Bouvet Island,Commitment,13.8235294117647,12,1
Bouvet Island,Commitment,28.8235294117647,13,1
Bouvet Island,Commitment,43.8235294117647,14,1
Bouvet Island,Commitment,29.8235294117647,15,1
Brazil,Commitment,23.8235294117647,1,1
Brazil,Commitment,34.8235294117647,2,1
Brazil,Commitment,34.8235294117647,3,1
Brazil,Commitment,14.82352941176471,4,1
Brazil,Commitment,30.82352941176471,5,1
Brazil,Commitment,29.823529411764696,6,1
Brazil,Commitment,40.8235294117647,7,1
Brazil,Commitment,39.8235294117647,8,1
Brazil,Commitment,9.8235294117647,9,1
Brazil,Commitment,54.8235294117647,10,1
Brazil,Commitment,48.8235294117647,11,1
Brazil,Commitment,38.8235294117647,12,1
Brazil,Commitment,14.8235294117647,13,1
Brazil,Commitment,19.8235294117647,14,1
Brazil,Commitment,26.8235294117647,15,1
Brunei,Commitment,17.8235294117647,1,1
Brunei,Commitment,34.8235294117647,2,1
Brunei,Commitment,23.8235294117647,3,1
Brunei,Commitment,15.82352941176471,4,1
Brunei,Commitment,36.823529411764696,5,1
Brunei,Commitment,35.82352941176471,6,1
Brunei,Commitment,31.8235294117647,7,1
Brunei,Commitment,37.8235294117647,8,1
Brunei,Commitment,41.8235294117647,9,1
Brunei,Commitment,20.8235294117647,10,1
Brunei,Commitment,29.8235294117647,11,1
Brunei,Commitment,28.8235294117647,12,1
Brunei,Commitment,30.8235294117647,13,1
Brunei,Commitment,44.8235294117647,14,1
Brunei,Commitment,23.8235294117647,15,1
Bulgaria,Commitment,25.8235294117647,1,1
Bulgaria,Commitment,26.823529411764703,2,1
Bulgaria,Commitment,22.8235294117647,3,1
Bulgaria,Commitment,40.82352941176471,4,1
Bulgaria,Commitment,38.823529411764696,5,1
Bulgaria,Commitment,25.82352941176471,6,1
Bulgaria,Commitment,17.8235294117647,7,1
Bulgaria,Commitment,32.8235294117647,8,1
Bulgaria,Commitment,35.8235294117647,9,1
Bulgaria,Commitment,32.8235294117647,10,1
Bulgaria,Commitment,16.8235294117647,11,1
Bulgaria,Commitment,51.8235294117647,12,1
Bulgaria,Commitment,28.8235294117647,13,1
Bulgaria,Commitment,28.8235294117647,14,1
Bulgaria,Commitment,9.8235294117647,15,1
Burkina Faso,Commitment,28.8235294117647,1,1
Burkina Faso,Commitment,22.8235294117647,2,1
Burkina Faso,Commitment,19.8235294117647,3,1
Burkina Faso,Commitment,57.82352941176471,4,1
Burkina Faso,Commitment,29.823529411764696,5,1
Burkina Faso,Commitment,27.823529411764696,6,1
Burkina Faso,Commitment,17.8235294117647,7,1
Burkina Faso,Commitment,26.8235294117647,8,1
Burkina Faso,Commitment,16.8235294117647,9,1
Burkina Faso,Commitment,29.8235294117647,10,1
Burkina Faso,Commitment,28.8235294117647,11,1
Burkina Faso,Commitment,32.8235294117647,12,1
Burkina Faso,Commitment,22.8235294117647,13,1
Burkina Faso,Commitment,19.8235294117647,14,1
Burkina Faso,Commitment,36.8235294117647,15,1
Burundi,Commitment,29.8235294117647,1,1
Burundi,Commitment,25.8235294117647,2,1
Burundi,Commitment,5.8235294117647,3,1
Burundi,Commitment,19.82352941176471,4,1
Burundi,Commitment,29.823529411764696,5,1
Burundi,Commitment,36.823529411764696,6,1
Burundi,Commitment,8.8235294117647,7,1
Burundi,Commitment,1.8235294117647,8,1
Burundi,Commitment,33.8235294117647,9,1
Burundi,Commitment,25.8235294117647,10,1
Burundi,Commitment,31.8235294117647,11,1
Burundi,Commitment,44.8235294117647,12,1
Burundi,Commitment,11.8235294117647,13,1
Burundi,Commitment,22.8235294117647,14,1
Burundi,Commitment,21.8235294117647,15,1
Cameroon,Commitment,32.8235294117647,1,1
Cameroon,Commitment,18.8235294117647,2,1
Cameroon,Commitment,39.8235294117647,3,1
Cameroon,Commitment,11.823529411764696,4,1
Cameroon,Commitment,35.82352941176471,5,1
Cameroon,Commitment,24.823529411764696,6,1
Cameroon,Commitment,28.8235294117647,7,1
Cameroon,Commitment,40.8235294117647,8,1
Cameroon,Commitment,40.8235294117647,9,1
Cameroon,Commitment,46.8235294117647,10,1
Cameroon,Commitment,41.8235294117647,11,1
Cameroon,Commitment,27.8235294117647,12,1
Cameroon,Commitment,20.8235294117647,13,1
Cameroon,Commitment,46.8235294117647,14,1
Cameroon,Commitment,23.8235294117647,15,1
Cape Verde,Commitment,31.8235294117647,1,1
Cape Verde,Commitment,21.8235294117647,2,1
Cape Verde,Commitment,30.8235294117647,3,1
Cape Verde,Commitment,30.82352941176471,4,1
Cape Verde,Commitment,62.82352941176471,5,1
Cape Verde,Commitment,32.82352941176471,6,1
Cape Verde,Commitment,28.8235294117647,7,1
Cape Verde,Commitment,22.8235294117647,8,1
Cape Verde,Commitment,23.8235294117647,9,1
Cape Verde,Commitment,24.8235294117647,10,1
Cape Verde,Commitment,26.8235294117647,11,1
Cape Verde,Commitment,23.8235294117647,12,1
Cape Verde,Commitment,20.8235294117647,13,1
Cape Verde,Commitment,23.8235294117647,14,1
Cape Verde,Commitment,33.8235294117647,15,1
China,Commitment,22.8235294117647,1,1
China,Commitment,33.8235294117647,2,1
China,Commitment,13.823529411764698,3,1
China,Commitment,28.823529411764696,4,1
China,Commitment,34.82352941176471,5,1
China,Commitment,40.82352941176471,6,1
China,Commitment,37.8235294117647,7,1
China,Commitment,25.8235294117647,8,1
China,Commitment,34.8235294117647,9,1
China,Commitment,35.8235294117647,10,1
China,Commitment,33.8235294117647,11,1
China,Commitment,17.8235294117647,12,1
China,Commitment,33.8235294117647,13,1
China,Commitment,33.8235294117647,14,1
China,Commitment,45.8235294117647,15,1
Christmas Island,Commitment,30.8235294117647,1,1
Christmas Island,Commitment,29.8235294117647,2,1
Christmas Island,Commitment,33.8235294117647,3,1
Christmas Island,Commitment,39.82352941176471,4,1
Christmas Island,Commitment,9.82352941176471,5,1
Christmas Island,Commitment,22.823529411764696,6,1
Christmas Island,Commitment,36.8235294117647,7,1
Christmas Island,Commitment,20.8235294117647,8,1
Christmas Island,Commitment,30.8235294117647,9,1
Christmas Island,Commitment,27.8235294117647,10,1
Christmas Island,Commitment,33.8235294117647,11,1
Christmas Island,Commitment,27.8235294117647,12,1
Christmas Island,Commitment,37.8235294117647,13,1
Christmas Island,Commitment,21.8235294117647,14,1
Christmas Island,Commitment,35.8235294117647,15,1
Clipperton Island,Commitment,36.8235294117647,1,1
Clipperton Island,Commitment,46.8235294117647,2,1
Clipperton Island,Commitment,41.8235294117647,3,1
Clipperton Island,Commitment,17.823529411764696,4,1
Clipperton Island,Commitment,44.82352941176471,5,1
Clipperton Island,Commitment,38.823529411764696,6,1
Clipperton Island,Commitment,34.8235294117647,7,1
Clipperton Island,Commitment,53.8235294117647,8,1
Clipperton Island,Commitment,40.8235294117647,9,1
Clipperton Island,Commitment,8.8235294117647,10,1
Clipperton Island,Commitment,29.8235294117647,11,1
Clipperton Island,Commitment,42.8235294117647,12,1
Clipperton Island,Commitment,38.8235294117647,13,1
Clipperton Island,Commitment,35.8235294117647,14,1
Clipperton Island,Commitment,47.8235294117647,15,1
Colombia,Commitment,19.8235294117647,1,1
Colombia,Commitment,26.823529411764703,2,1
Colombia,Commitment,38.8235294117647,3,1
Colombia,Commitment,24.823529411764696,4,1
Colombia,Commitment,24.823529411764696,5,1
Colombia,Commitment,48.8235294117647,6,1
Colombia,Commitment,45.8235294117647,7,1
Colombia,Commitment,17.8235294117647,8,1
Colombia,Commitment,17.8235294117647,9,1
Colombia,Commitment,22.8235294117647,10,1
Colombia,Commitment,11.8235294117647,11,1
Colombia,Commitment,17.8235294117647,12,1
Colombia,Commitment,23.8235294117647,13,1
Colombia,Commitment,19.8235294117647,14,1
Colombia,Commitment,40.8235294117647,15,1
Costa Rica,Commitment,30.8235294117647,1,1
Costa Rica,Commitment,27.823529411764696,2,1
Costa Rica,Commitment,19.8235294117647,3,1
Costa Rica,Commitment,31.823529411764696,4,1
Costa Rica,Commitment,25.82352941176471,5,1
Costa Rica,Commitment,53.8235294117647,6,1
Costa Rica,Commitment,17.8235294117647,7,1
Costa Rica,Commitment,23.8235294117647,8,1
Costa Rica,Commitment,19.8235294117647,9,1
Costa Rica,Commitment,40.8235294117647,10,1
Costa Rica,Commitment,32.8235294117647,11,1
Costa Rica,Commitment,24.8235294117647,12,1
Costa Rica,Commitment,16.8235294117647,13,1
Costa Rica,Commitment,33.8235294117647,14,1
Costa Rica,Commitment,14.8235294117647,15,1
Cuba,Commitment,31.8235294117647,1,1
Cuba,Commitment,18.8235294117647,2,1
Cuba,Commitment,27.823529411764696,3,1
Cuba,Commitment,19.82352941176471,4,1
Cuba,Commitment,46.823529411764696,5,1
Cuba,Commitment,28.823529411764696,6,1
Cuba,Commitment,12.8235294117647,7,1
Cuba,Commitment,39.8235294117647,8,1
Cuba,Commitment,33.8235294117647,9,1
Cuba,Commitment,16.8235294117647,10,1
Cuba,Commitment,27.8235294117647,11,1
Cuba,Commitment,0.823529411764706,12,1
Cuba,Commitment,17.8235294117647,13,1
Cuba,Commitment,28.8235294117647,14,1
Cuba,Commitment,24.8235294117647,15,1
Curaçao,Commitment,27.823529411764696,1,1
Curaçao,Commitment,20.8235294117647,2,1
Curaçao,Commitment,18.8235294117647,3,1
Curaçao,Commitment,35.82352941176471,4,1
Curaçao,Commitment,34.82352941176471,5,1
Curaçao,Commitment,29.823529411764696,6,1
Curaçao,Commitment,20.8235294117647,7,1
Curaçao,Commitment,41.8235294117647,8,1
Curaçao,Commitment,34.8235294117647,9,1
Curaçao,Commitment,17.8235294117647,10,1
Curaçao,Commitment,29.8235294117647,11,1
Curaçao,Commitment,36.8235294117647,12,1
Curaçao,Commitment,25.8235294117647,13,1
Curaçao,Commitment,20.8235294117647,14,1
Curaçao,Commitment,30.8235294117647,15,1
Cyprus,Commitment,18.8235294117647,1,1
Cyprus,Commitment,33.8235294117647,2,1
Cyprus,Commitment,36.8235294117647,3,1
Cyprus,Commitment,30.82352941176471,4,1
Cyprus,Commitment,28.823529411764696,5,1
Cyprus,Commitment,22.823529411764696,6,1
Cyprus,Commitment,35.8235294117647,7,1
Cyprus,Commitment,44.8235294117647,8,1
Cyprus,Commitment,12.8235294117647,9,1
Cyprus,Commitment,38.8235294117647,10,1
Cyprus,Commitment,38.8235294117647,11,1
Cyprus,Commitment,27.8235294117647,12,1
Cyprus,Commitment,30.8235294117647,13,1
Cyprus,Commitment,33.8235294117647,14,1
Cyprus,Commitment,36.8235294117647,15,1
Czechia,Commitment,32.8235294117647,1,1
Czechia,Commitment,39.8235294117647,2,1
Czechia,Commitment,33.8235294117647,3,1
Czechia,Commitment,19.82352941176471,4,1
Czechia,Commitment,13.823529411764696,5,1
Czechia,Commitment,0.8235294117647101,6,1
Czechia,Commitment,22.8235294117647,7,1
Czechia,Commitment,23.8235294117647,8,1
Czechia,Commitment,37.8235294117647,9,1
Czechia,Commitment,33.8235294117647,10,1
Czechia,Commitment,34.8235294117647,11,1
Czechia,Commitment,13.8235294117647,12,1
Czechia,Commitment,23.8235294117647,13,1
Czechia,Commitment,30.8235294117647,14,1
Czechia,Commitment,47.8235294117647,15,1
Gambia,Commitment,23.8235294117647,1,1
Gambia,Commitment,35.8235294117647,2,1
Gambia,Commitment,46.8235294117647,3,1
Gambia,Commitment,26.823529411764696,4,1
Gambia,Commitment,26.823529411764696,5,1
Gambia,Commitment,30.82352941176471,6,1
Gambia,Commitment,35.8235294117647,7,1
Gambia,Commitment,34.8235294117647,8,1
Gambia,Commitment,12.8235294117647,9,1
Gambia,Commitment,36.8235294117647,10,1
Gambia,Commitment,38.8235294117647,11,1
Gambia,Commitment,31.8235294117647,12,1
Gambia,Commitment,38.8235294117647,13,1
Gambia,Commitment,29.8235294117647,14,1
Gambia,Commitment,39.8235294117647,15,1
Greenland,Commitment,44.8235294117647,1,1
Greenland,Commitment,24.8235294117647,2,1
Greenland,Commitment,27.823529411764696,3,1
Greenland,Commitment,24.823529411764696,4,1
Greenland,Commitment,31.823529411764696,5,1
Greenland,Commitment,16.823529411764696,6,1
Greenland,Commitment,26.8235294117647,7,1
Greenland,Commitment,26.8235294117647,8,1
Greenland,Commitment,21.8235294117647,9,1
Greenland,Commitment,38.8235294117647,10,1
Greenland,Commitment,41.8235294117647,11,1
Greenland,Commitment,27.8235294117647,12,1
Greenland,Commitment,32.8235294117647,13,1
Greenland,Commitment,16.8235294117647,14,1
Greenland,Commitment,26.8235294117647,15,1
Guinea,Commitment,37.8235294117647,1,1
Guinea,Commitment,37.8235294117647,2,1
Guinea,Commitment,13.823529411764698,3,1
Guinea,Commitment,16.823529411764696,4,1
Guinea,Commitment,7.823529411764696,5,1
Guinea,Commitment,29.823529411764696,6,1
Guinea,Commitment,30.8235294117647,7,1
Guinea,Commitment,27.8235294117647,8,1
Guinea,Commitment,36.8235294117647,9,1
Guinea,Commitment,29.8235294117647,10,1
Guinea,Commitment,31.8235294117647,11,1
Guinea,Commitment,47.8235294117647,12,1
Guinea,Commitment,27.8235294117647,13,1
Guinea,Commitment,50.8235294117647,14,1
Guinea,Commitment,12.8235294117647,15,1
Saint Barthélemy,Commitment,19.8235294117647,1,1
Saint Barthélemy,Commitment,24.8235294117647,2,1
Saint Barthélemy,Commitment,20.8235294117647,3,1
Saint Barthélemy,Commitment,27.823529411764696,4,1
Saint Barthélemy,Commitment,41.823529411764696,5,1
Saint Barthélemy,Commitment,29.823529411764696,6,1
Saint Barthélemy,Commitment,39.8235294117647,7,1
Saint Barthélemy,Commitment,18.8235294117647,8,1
Saint Barthélemy,Commitment,15.8235294117647,9,1
Saint Barthélemy,Commitment,33.8235294117647,10,1
Saint Barthélemy,Commitment,29.8235294117647,11,1
Saint Barthélemy,Commitment,29.8235294117647,12,1
Saint Barthélemy,Commitment,36.8235294117647,13,1
Saint Barthélemy,Commitment,39.8235294117647,14,1
Saint Barthélemy,Commitment,42.8235294117647,15,1
Sudan,Commitment,40.8235294117647,1,1
Sudan,Commitment,41.8235294117647,2,1
Sudan,Commitment,45.8235294117647,3,1
Sudan,Commitment,45.82352941176471,4,1
Sudan,Commitment,22.823529411764696,5,1
Sudan,Commitment,19.82352941176471,6,1
Sudan,Commitment,31.8235294117647,7,1
Sudan,Commitment,28.8235294117647,8,1
Sudan,Commitment,14.8235294117647,9,1
Sudan,Commitment,8.8235294117647,10,1
Sudan,Commitment,30.8235294117647,11,1
Sudan,Commitment,30.8235294117647,12,1
Sudan,Commitment,15.8235294117647,13,1
Sudan,Commitment,50.8235294117647,14,1
Sudan,Commitment,33.8235294117647,15,1
United Arab Emirates,Commitment,20.8235294117647,1,1
United Arab Emirates,Commitment,43.8235294117647,2,1
United Arab Emirates,Commitment,39.8235294117647,3,1
United Arab Emirates,Commitment,21.823529411764696,4,1
United Arab Emirates,Commitment,32.82352941176471,5,1
United Arab Emirates,Commitment,40.82352941176471,6,1
United Arab Emirates,Commitment,31.8235294117647,7,1
United Arab Emirates,Commitment,23.8235294117647,8,1
United Arab Emirates,Commitment,11.8235294117647,9,1
United Arab Emirates,Commitment,25.8235294117647,10,1
United Arab Emirates,Commitment,36.8235294117647,11,1
United Arab Emirates,Commitment,5.8235294117647,12,1
United Arab Emirates,Commitment,33.8235294117647,13,1
United Arab Emirates,Commitment,25.8235294117647,14,1
United Arab Emirates,Commitment,27.8235294117647,15,1
